Id;LotArea;OverallQual;YearBuilt;BsmtFinSF1;TotalBsmtSF;1stFlrSF;GrLivArea;FullBath;GarageCars;GarageArea;SalePrice
1;8450;7;2003;706;856;856;1710;2;2;548;208500
2;9600;6;1976;978;1262;1262;1262;2;2;460;181500
3;11250;7;2001;486;920;920;1786;2;2;608;223500
4;9550;7;1915;216;756;961;1717;1;3;642;140000
5;14260;8;2000;655;1145;1145;2198;2;3;836;250000
6;14115;5;1993;732;796;796;1362;1;2;480;143000
7;10084;8;2004;1369;1686;1694;1694;2;2;636;307000
8;10382;7;1973;859;1107;1107;2090;2;2;484;200000
9;6120;7;1931;0;952;1022;1774;2;2;468;129900
10;7420;5;1939;851;991;1077;1077;1;1;205;118000
11;11200;5;1965;906;1040;1040;1040;1;1;384;129500
12;11924;9;2005;998;1175;1182;2324;3;3;736;345000
13;12968;5;1962;737;912;912;912;1;1;352;144000
14;10652;7;2006;0;1494;1494;1494;2;3;840;279500
15;10920;6;1960;733;1253;1253;1253;1;1;352;157000
16;6120;7;1929;0;832;854;854;1;2;576;132000
17;11241;6;1970;578;1004;1004;1004;1;2;480;149000
18;10791;4;1967;0;0;1296;1296;2;2;516;90000
19;13695;5;2004;646;1114;1114;1114;1;2;576;159000
20;7560;5;1958;504;1029;1339;1339;1;1;294;139000
21;14215;8;2005;0;1158;1158;2376;3;3;853;325300
22;7449;7;1930;0;637;1108;1108;1;1;280;139400
23;9742;8;2002;0;1777;1795;1795;2;2;534;230000
24;4224;5;1976;840;1040;1060;1060;1;2;572;129900
25;8246;5;1968;188;1060;1060;1060;1;1;270;154000
26;14230;8;2007;0;1566;1600;1600;2;3;890;256300
27;7200;5;1951;234;900;900;900;1;2;576;134800
28;11478;8;2007;1218;1704;1704;1704;2;3;772;306000
29;16321;5;1957;1277;1484;1600;1600;1;1;319;207500
30;6324;4;1927;0;520;520;520;1;1;240;68500
31;8500;4;1920;0;649;649;1317;1;1;250;40000
32;8544;5;1966;0;1228;1228;1228;1;1;271;149350
33;11049;8;2007;0;1234;1234;1234;2;2;484;179900
34;10552;5;1959;1018;1398;1700;1700;1;2;447;165500
35;7313;9;2005;1153;1561;1561;1561;2;2;556;277500
36;13418;8;2004;0;1117;1132;2452;3;3;691;309000
37;10859;5;1994;0;1097;1097;1097;1;2;672;145000
38;8532;5;1954;1213;1297;1297;1297;1;2;498;153000
39;7922;5;1953;731;1057;1057;1057;1;1;246;109000
40;6040;4;1955;0;0;1152;1152;2;0;0;82000
41;8658;6;1965;643;1088;1324;1324;2;2;440;160000
42;16905;5;1959;967;1350;1328;1328;1;1;308;170000
43;9180;5;1983;747;840;884;884;1;2;504;144000
44;9200;5;1975;280;938;938;938;1;1;308;130250
45;7945;5;1959;179;1150;1150;1150;1;1;300;141000
46;7658;9;2005;456;1752;1752;1752;2;2;576;319900
47;12822;7;2003;1351;1434;1518;2149;1;2;670;239686
48;11096;8;2006;24;1656;1656;1656;2;3;826;249700
49;4456;4;1920;0;736;736;1452;2;0;0;113000
50;7742;5;1966;763;955;955;955;1;1;386;127000
51;13869;6;1997;182;794;794;1470;2;2;388;177000
52;6240;6;1934;0;816;816;1176;1;2;528;114500
53;8472;5;1963;104;816;816;816;1;2;516;110000
54;50271;9;1981;1810;1842;1842;1842;0;3;894;385000
55;7134;5;1955;384;384;1360;1360;1;2;572;130000
56;10175;6;1964;490;1425;1425;1425;2;2;576;180500
57;2645;8;1999;649;970;983;1739;2;2;480;172500
58;11645;7;2004;0;860;860;1720;2;2;565;196500
59;13682;10;2006;0;1410;1426;2945;3;3;641;438780
60;7200;5;1972;632;780;780;780;1;1;352;124900
61;13072;6;2004;941;1158;1158;1158;1;2;576;158000
62;7200;5;1920;0;530;581;1111;1;1;288;101000
63;6442;8;2006;24;1370;1370;1370;2;2;484;202500
64;10300;7;1921;0;576;902;1710;2;2;480;140000
65;9375;7;1997;739;1057;1057;2034;2;2;645;219500
66;9591;8;2004;0;1143;1143;2473;2;3;852;317000
67;19900;7;1970;912;1947;2207;2207;2;2;576;180000
68;10665;7;2003;1013;1453;1479;1479;2;2;558;226000
69;4608;4;1945;0;747;747;747;1;1;220;80000
70;15593;7;1953;603;1304;1304;2287;2;2;667;225000
71;13651;7;1973;1880;2223;2223;2223;2;2;516;244000
72;7599;4;1982;565;845;845;845;1;2;360;129500
73;10141;7;1998;0;832;885;1718;2;2;427;185000
74;10200;5;1954;320;1086;1086;1086;1;2;490;144900
75;5790;3;1915;0;840;840;1605;2;1;379;107400
76;1596;4;1973;462;462;526;988;1;1;297;91000
77;8475;4;1956;228;952;952;952;1;1;283;135750
78;8635;5;1948;336;672;1072;1285;1;1;240;127000
79;10778;4;1968;0;1768;1768;1768;2;0;0;136500
80;10440;5;1910;0;440;682;1230;1;2;440;110000
81;13000;6;1968;448;896;1182;2142;2;1;509;193500
82;4500;6;1998;1201;1237;1337;1337;2;2;405;153500
83;10206;8;2007;33;1563;1563;1563;2;3;758;245000
84;8892;5;1960;0;1065;1065;1065;1;2;461;126500
85;8530;7;1995;0;384;804;1474;2;2;400;168500
86;16059;8;1991;0;1288;1301;2417;2;2;462;260000
87;11911;6;2005;0;684;684;1560;2;2;400;174000
88;3951;6;2009;0;612;612;1224;2;2;528;164500
89;8470;3;1915;0;1013;1013;1526;1;0;0;85000
90;8070;4;1994;588;990;990;990;1;0;0;123600
91;7200;4;1950;0;0;1040;1040;1;2;420;109900
92;8500;5;1961;600;1235;1235;1235;1;2;480;98600
93;13360;5;1921;713;876;964;964;1;2;432;163500
94;7200;6;1910;1046;1214;1260;2291;2;2;506;133900
95;9337;6;1997;648;824;905;1786;2;2;684;204750
96;9765;6;1993;310;680;680;1470;2;2;420;185000
97;10264;7;1999;1162;1588;1588;1588;2;2;472;214000
98;10921;4;1965;520;960;960;960;1;1;432;94750
99;10625;5;1920;108;458;835;835;1;1;366;83000
100;9320;4;1959;569;950;1225;1225;1;0;0;128950
101;10603;6;1977;1200;1610;1610;1610;2;2;480;205000
102;9206;6;1985;0;741;977;1732;2;2;476;178000
103;7018;5;1979;0;0;1535;1535;2;2;410;118964
104;10402;7;2009;0;1226;1226;1226;2;3;740;198900
105;7758;7;1931;224;1040;1226;1818;1;1;240;169500
106;9375;8;2003;0;1053;1053;1992;2;2;648;250000
107;10800;4;1885;0;641;1047;1047;1;1;273;100000
108;6000;5;1948;104;789;789;789;1;1;250;115000
109;8500;5;1919;0;793;997;1517;2;0;0;115000
110;11751;6;1977;705;1844;1844;1844;2;2;546;190000
111;9525;6;1954;444;994;1216;1855;2;1;325;136900
112;7750;7;2000;250;384;774;1430;2;2;400;180000
113;9965;7;2007;984;1264;1282;2696;2;3;792;383970
114;21000;6;1953;35;1809;2259;2259;2;2;450;217000
115;7259;6;1945;774;1028;1436;2320;2;1;180;259500
116;3230;6;1999;419;729;729;1458;2;2;440;176000
117;11616;5;1962;170;1092;1092;1092;1;1;288;139000
118;8536;5;2006;0;1125;1125;1125;1;2;430;155000
119;12376;7;1990;1470;1673;1699;3222;3;3;594;320000
120;8461;6;2005;0;728;728;1456;2;2;390;163990
121;21453;6;1969;938;938;988;988;1;2;540;180000
122;6060;4;1939;0;732;772;1123;1;1;264;100000
123;9464;6;1958;570;1080;1080;1080;1;1;288;136000
124;7892;6;1993;300;1199;1199;1199;2;2;530;153900
125;17043;6;1979;0;1362;1586;1586;2;2;435;181000
126;6780;6;1935;490;520;520;754;1;0;0;84500
127;4928;6;1976;120;1078;958;958;2;2;440;128000
128;4388;5;1930;116;672;840;840;1;0;0;87000
129;7590;6;1966;512;660;660;1348;1;2;453;155000
130;8973;5;1958;567;1008;1053;1053;1;2;750;150000
131;14200;7;1966;445;924;1216;2157;2;2;487;226000
132;12224;6;2000;695;992;1022;2054;2;2;390;244000
133;7388;5;1959;405;1063;1327;1327;1;2;624;150750
134;6853;8;2001;1005;1267;1296;1296;2;2;471;220000
135;10335;5;1968;570;1461;1721;1721;2;2;440;180000
136;10400;7;1970;0;1304;1682;1682;2;2;530;174000
137;10355;5;1967;695;1214;1214;1214;2;1;318;143000
138;11070;7;1988;0;1907;1959;1959;3;3;766;171000
139;9066;8;1999;668;1004;1004;1852;2;3;660;230000
140;15426;6;1997;821;928;928;1764;2;2;470;231500
141;10500;4;1971;432;864;864;864;1;0;0;115000
142;11645;7;2005;1300;1734;1734;1734;2;2;660;260000
143;8520;5;1952;507;910;910;1385;2;2;720;166000
144;10335;7;1999;679;1490;1501;1501;2;2;577;204000
145;9100;5;1963;1332;1728;1728;1728;2;2;504;125000
146;2522;6;2004;0;970;970;1709;2;2;380;130000
147;6120;5;1931;209;715;875;875;1;1;180;105000
148;9505;7;2001;0;884;884;2035;2;2;434;222500
149;7500;7;2004;680;1080;1080;1080;1;0;0;141000
150;6240;5;1936;0;896;896;1344;1;1;240;115000
151;10356;5;1975;716;969;969;969;1;2;440;122000
152;13891;8;2007;1400;1710;1710;1710;2;3;866;372402
153;14803;6;1971;416;825;1097;1993;2;2;495;190000
154;13500;6;1960;429;1602;1252;1252;1;2;564;235000
155;11340;6;1923;0;1200;1200;1200;1;1;312;125000
156;9600;6;1924;0;572;572;1096;1;0;0;79000
157;7200;5;1950;0;0;1040;1040;1;2;625;109500
158;12003;8;2009;0;774;774;1968;2;3;680;269500
159;12552;7;2004;222;991;991;1947;2;2;678;254900
160;19378;7;2005;57;1392;1392;2462;2;2;576;320000
161;11120;6;1984;660;1232;1232;1232;2;2;516;162500
162;13688;9;2003;1016;1572;1572;2668;2;3;726;412500
163;12182;7;2005;1201;1541;1541;1541;2;2;532;220000
164;5500;4;1956;0;882;882;882;1;0;0;103200
165;5400;6;1926;370;1149;1149;1616;2;1;216;152000
166;10106;5;1940;351;644;808;1355;2;0;0;127500
167;10708;5;1955;379;1617;1867;1867;1;1;303;190000
168;10562;8;2007;1288;1582;1610;2161;1;3;789;325624
169;8244;7;2004;0;840;840;1720;2;2;440;183500
170;16669;8;1981;0;1686;1707;1707;2;2;511;228000
171;12358;5;1941;360;720;854;1382;1;2;660;128500
172;31770;6;1960;639;1080;1656;1656;1;2;528;215000
173;5306;7;1987;495;1064;1064;1767;2;2;504;239000
174;10197;6;1961;288;1362;1362;1362;1;2;504;163000
175;12416;6;1986;1398;1606;1651;1651;2;2;616;184000
176;12615;6;1950;477;1202;2158;2158;2;2;576;243000
177;10029;6;1988;831;1151;1164;2060;2;2;521;211000
178;13650;5;1958;57;1052;1252;1920;2;2;451;172500
179;17423;9;2008;1904;2216;2234;2234;2;3;1166;501837
180;8520;5;1923;0;968;968;968;1;2;480;100000
181;2117;6;2000;436;756;769;1525;2;2;440;177000
182;7588;7;1920;352;793;901;1802;1;1;216;200100
183;9060;5;1957;0;0;1340;1340;1;1;252;120000
184;11426;7;2003;0;1362;1362;2082;2;2;484;200000
185;7438;5;1908;0;504;936;1252;1;2;576;127000
186;22950;10;1892;0;1107;1518;3608;2;3;840;475000
187;9947;7;1990;611;1188;1217;1217;2;2;497;173000
188;10410;5;1916;0;660;808;1656;2;1;180;135000
189;7018;5;1979;1086;1086;1224;1224;0;2;528;153337
190;4923;8;2001;1153;1593;1593;1593;1;2;682;286000
191;10570;8;1932;297;853;1549;2727;2;2;440;315000
192;7472;7;1972;626;725;725;1479;1;2;484;184000
193;9017;7;1999;560;1431;1431;1431;2;2;666;192000
194;2522;7;2004;0;970;970;1709;2;2;380;130000
195;7180;5;1972;390;864;864;864;1;1;352;127000
196;2280;6;1976;566;855;855;1456;2;2;440;148500
197;9416;7;2007;1126;1726;1726;1726;2;3;786;311872
198;25419;8;1918;1036;1360;1360;3112;2;2;795;235000
199;5520;6;1912;0;755;929;2229;1;0;0;104000
200;9591;8;2004;1088;1713;1713;1713;2;3;856;274900
201;8546;4;2003;0;1121;1121;1121;2;2;440;140000
202;10125;6;1977;641;1196;1279;1279;2;2;473;171500
203;7000;6;1924;617;617;865;1310;2;1;398;112000
204;4438;6;2004;662;848;848;848;1;2;420;149000
205;3500;5;1947;312;720;720;1284;1;1;240;110000
206;11851;7;1990;0;1424;1442;1442;2;2;500;180500
207;13673;5;1962;0;1140;1696;1696;1;1;349;143900
208;12493;4;1960;419;1100;1100;1100;1;1;312;141000
209;14364;7;1988;1065;1157;1180;2062;2;2;454;277000
210;8250;6;1964;787;1092;1092;1092;1;2;504;145000
211;5604;5;1925;468;864;864;864;1;0;0;98000
212;10420;6;2009;36;1212;1212;1212;2;2;460;186000
213;8640;7;2009;822;900;932;1852;2;2;644;252678
214;13568;5;1995;716;990;990;990;1;2;576;156000
215;10900;6;1977;378;689;689;1392;1;1;299;161750
216;10011;5;1957;360;1070;1236;1236;1;1;447;134450
217;8450;7;2004;946;1436;1436;1436;2;2;484;210000
218;9906;4;1925;0;686;810;1328;1;1;210;107000
219;15660;7;1939;341;798;1137;1954;1;2;431;311500
220;3010;7;2005;16;1248;1248;1248;2;2;438;167240
221;8990;7;2006;0;1498;1498;1498;2;2;675;204900
222;8068;6;2002;0;1010;1010;2267;2;2;390;200000
223;11475;6;1975;550;713;811;1552;2;2;434;179900
224;10500;4;1971;524;864;864;864;1;2;576;97000
225;13472;10;2003;56;2392;2392;2392;2;3;968;386250
226;1680;5;1971;0;630;630;1302;2;1;280;112000
227;9950;7;1995;565;1203;1214;2520;2;3;721;290000
228;1869;6;1970;321;483;483;987;1;1;280;106000
229;8521;5;1967;842;912;912;912;1;1;336;125000
230;3182;7;2005;16;1373;1555;1555;2;2;430;192500
231;8760;6;1959;0;1194;1194;1194;1;1;312;148000
232;15138;8;1995;689;1462;1490;2794;2;3;810;403000
233;1680;6;1972;0;483;483;987;1;1;288;94500
234;10650;5;1976;182;894;894;894;1;1;308;128200
235;7851;6;2002;625;860;860;1960;2;2;440;216500
236;1680;6;1971;358;483;483;987;1;1;264;89500
237;8773;7;2004;24;1414;1414;1414;2;2;494;185500
238;9453;7;1993;402;996;1014;1744;2;2;457;194500
239;12030;8;2007;0;1694;1694;1694;2;3;818;318000
240;8741;6;1945;94;735;798;1487;1;1;220;113000
241;9000;8;2008;1078;1566;1566;1566;2;2;750;262500
242;3880;5;1945;329;686;866;866;1;0;0;110500
243;5000;5;1900;0;540;889;1440;1;1;352;79000
244;10762;6;1980;0;626;626;1217;1;1;288;120000
245;8880;7;1994;695;948;1222;2110;2;2;463;205000
246;10400;7;1988;929;1845;1872;1872;2;2;604;241500
247;9142;6;1910;0;1020;908;1928;2;1;440;137000
248;11310;6;1954;0;1367;1375;1375;1;2;451;140000
249;11317;7;2003;0;840;840;1668;2;2;500;180000
250;159000;6;1958;697;1444;1444;2144;2;2;389;277000
251;5350;3;1940;0;728;1306;1306;1;0;0;76500
252;4750;8;2006;1573;1573;1625;1625;2;2;538;235000
253;8366;6;2004;0;798;798;1640;2;2;520;173000
254;9350;6;1964;270;1302;1302;1302;2;1;309;158000
255;8400;5;1957;922;1314;1314;1314;1;1;294;145000
256;8738;7;1999;0;975;1005;2291;2;2;429;230000
257;8791;6;2003;503;864;864;1728;2;2;673;207500
258;8814;7;2006;1334;1604;1604;1604;2;2;660;220000
259;12435;7;2001;361;963;963;1792;2;2;564;231500
260;12702;5;1956;0;0;882;882;1;1;308;97000
261;19296;6;1962;672;1362;1382;1382;1;2;884;176000
262;9588;8;2007;0;1482;1482;2574;2;3;868;276000
263;8471;6;1977;506;506;1212;1212;1;2;492;151000
264;5500;5;1929;234;926;926;1316;1;2;484;130000
265;5232;5;1925;0;680;764;764;1;2;504;73000
266;12090;6;1981;588;1422;1422;1422;2;2;576;175500
267;11207;6;1997;714;802;802;1511;2;2;413;185000
268;8400;5;1939;378;720;1052;2192;2;1;240;179500
269;6900;5;1940;403;740;778;778;1;1;924;120500
270;7917;6;1976;751;1143;1113;1113;1;1;504;148000
271;10728;8;2006;0;1095;1095;1939;2;3;1053;266000
272;39104;7;1954;226;1385;1363;1363;1;2;439;241500
273;11764;8;1999;524;1152;1164;2270;2;3;671;290000
274;9600;6;1958;620;1240;1632;1632;2;1;338;139000
275;8314;5;1982;546;816;816;816;1;1;264;124500
276;7264;7;1925;0;952;952;1548;2;2;672;205000
277;9196;7;2003;0;1560;1560;1560;2;2;573;201000
278;19138;4;1951;120;864;864;864;1;2;400;141000
279;14450;9;2006;0;2121;2121;2121;2;3;732;415298
280;10005;7;1977;392;1160;1156;2022;2;2;505;192000
281;11287;7;1989;421;807;1175;1982;2;2;575;228500
282;7200;6;2006;905;1262;1262;1262;2;2;572;185000
283;5063;7;2007;904;1314;1314;1314;2;2;626;207500
284;9612;8;2008;0;1468;1468;1468;2;3;898;244600
285;8012;6;1992;430;1575;1575;1575;2;2;529;179200
286;4251;7;2006;0;625;625;1250;2;2;528;164700
287;9786;6;1962;600;912;1085;1734;1;2;440;159000
288;8125;4;1971;614;858;858;858;1;0;0;88000
289;9819;5;1967;450;882;900;900;1;1;280;122000
290;8730;6;1915;0;698;698;1396;1;1;384;153575
291;15611;8;2006;0;1079;1079;1919;2;2;685;233230
292;5687;5;1912;210;780;936;1716;2;0;0;135900
293;11409;5;1949;292;768;1148;1716;1;1;281;131000
294;16659;7;1977;795;795;1468;2263;2;2;539;235000
295;9600;6;1953;1285;1416;1644;1644;1;2;418;167000
296;7937;6;1984;819;1003;1003;1003;1;2;588;142500
297;13710;5;1950;420;910;910;1558;1;1;282;152000
298;7399;7;1997;649;975;975;1950;2;2;576;239000
299;11700;6;1968;384;702;1041;1743;1;2;539;175000
300;14000;6;1950;0;1092;1152;1152;1;1;300;158500
301;15750;5;1953;841;1165;1336;1336;1;1;375;157000
302;16226;8;1998;281;1028;1210;2452;2;2;683;267000
303;13704;7;2001;0;1541;1541;1541;2;3;843;205000
304;9800;5;1972;894;894;894;894;1;2;552;149900
305;18386;7;1880;0;1470;1675;3493;3;3;870;295000
306;10386;8;2004;1464;2000;2000;2000;2;3;888;305900
307;13474;7;1990;700;700;1122;2243;2;3;746;225000
308;7920;6;1920;0;319;1035;1406;1;0;0;89500
309;12342;4;1940;262;861;861;861;1;2;539;82500
310;12378;9;2003;1274;1896;1944;1944;2;3;708;360000
311;7685;6;1993;518;697;697;1501;2;2;420;165600
312;8000;6;1948;680;972;972;972;1;1;240;132000
313;7800;5;1939;507;793;793;1118;1;2;410;119900
314;215245;7;1965;1236;2136;2036;2036;2;2;513;375000
315;9600;7;1925;16;728;832;1641;1;2;546;178000
316;7795;7;2004;425;716;716;1432;2;2;432;188500
317;13005;7;1980;692;845;1153;2353;2;2;484;260000
318;9000;8;2006;0;1088;1088;1959;2;3;1025;270000
319;9900;7;1993;987;1347;1372;2646;2;3;656;260000
320;14115;7;1980;1036;1372;1472;1472;2;2;588;187500
321;16259;9;2006;0;1249;1249;2596;3;3;840;342643
322;12099;8;2004;970;1136;1136;2468;2;3;872;354000
323;10380;7;1986;28;1502;1553;2730;2;2;576;301000
324;5820;3;1955;256;1162;1163;1163;1;1;220;126175
325;11275;7;1967;0;710;1898;2978;2;2;564;242000
326;5000;5;1941;116;720;803;803;1;2;360;87000
327;10846;8;1993;1619;1719;1719;1719;1;2;473;324000
328;11600;6;1960;565;1383;1383;1383;1;1;292;145250
329;11888;6;1916;0;844;1445;2134;2;2;441;214500
330;6402;5;1920;0;596;596;1192;1;1;189;78000
331;10624;5;1964;40;1728;1728;1728;2;1;352;119000
332;8176;5;1958;846;1056;1056;1056;1;1;308;139000
333;10655;8;2003;1124;3206;1629;1629;2;3;880;284000
334;8198;7;2004;720;1358;1358;1358;2;2;484;207000
335;9042;6;1998;828;943;943;1638;2;2;472;192000
336;164660;5;1965;1249;1499;1619;1786;2;2;529;228950
337;14157;9;2005;1249;1922;1922;1922;2;3;676;377426
338;9135;7;2002;810;1536;1536;1536;2;2;532;214000
339;14145;7;1984;213;1208;1621;1621;2;2;440;202500
340;12400;6;1958;585;1215;1215;1215;1;1;297;155000
341;14191;8;2002;0;967;993;1908;2;2;431;202900
342;8400;4;1950;0;721;841;841;1;1;294;82000
343;8544;3;1949;0;0;1040;1040;2;2;400;87500
344;8849;9;2005;28;1684;1684;1684;2;2;564;266000
345;2592;5;1976;129;536;536;1112;1;1;336;85000
346;6435;6;1939;0;972;972;1577;1;1;312;140200
347;12772;6;1960;498;958;958;958;1;1;301;151500
348;17600;6;1960;1270;1478;1478;1478;2;2;498;157500
349;2448;7;2003;573;764;764;1626;2;2;474;154000
350;20431;9;2005;1410;1848;1848;2728;2;3;706;437154
351;7820;9;2007;0;1869;1869;1869;2;2;617;318061
352;5271;7;1986;1082;1453;1453;1453;1;2;445;190000
353;9084;5;1941;236;616;616;1111;1;1;200;95000
354;8520;6;1928;0;624;720;720;1;2;484;105900
355;8400;6;1940;388;940;1192;1595;1;1;240;140000
356;11249;6;1995;334;1200;1200;1200;2;2;521;177500
357;9248;6;1992;560;1158;1167;1167;2;2;400;173000
358;4224;5;1976;874;1142;1142;1142;1;2;528;134000
359;6930;5;1958;300;1062;1352;1352;1;1;288;130000
360;12011;8;1998;956;1086;1086;1924;2;2;592;280000
361;7540;6;1978;773;888;912;912;1;2;470;156000
362;9144;5;1940;399;883;988;1505;1;1;240;145000
363;7301;7;2003;0;0;495;1922;3;2;672;198500
364;1680;6;1972;162;483;483;987;1;1;264;118000
365;18800;6;1976;712;796;790;1574;2;2;566;190000
366;10690;5;1920;456;672;672;1344;1;1;468;147000
367;9500;6;1963;609;1394;1394;1394;1;2;514;159000
368;9150;6;1962;371;1099;1431;1431;1;1;296;165000
369;7800;5;1954;540;1268;1268;1268;1;1;244;132000
370;9830;5;1959;72;1063;1287;1287;1;2;576;162000
371;8121;6;2000;0;953;953;1664;2;2;460;172400
372;17120;4;1959;0;0;1120;1588;2;2;680;134432
373;7175;6;1984;623;744;752;752;1;1;264;125000
374;10634;5;1953;428;608;1319;1319;1;1;270;123000
375;8200;7;2003;0;847;847;1928;2;2;434;219500
376;10020;1;1922;350;683;904;904;0;0;0;61000
377;8846;5;1996;298;870;914;914;1;2;576;148000
378;11143;8;2004;0;1580;1580;2466;3;2;610;340000
379;11394;9;2010;1445;1856;1856;1856;1;3;834;394432
380;8123;6;2000;0;982;1007;1800;2;2;463;179000
381;5000;5;1924;218;1026;1026;1691;2;1;308;127000
382;7200;7;2006;0;1293;1301;1301;2;2;572;187750
383;9245;7;2006;0;939;939;1797;2;2;639;213500
384;9000;6;1928;0;784;784;784;1;2;360;76000
385;53107;6;1992;985;1580;1079;1953;2;2;501;240000
386;3182;8;2004;24;1256;1269;1269;2;2;430;192000
387;8410;5;1910;0;658;658;1184;1;0;0;81000
388;7200;6;1976;631;1041;1125;1125;1;1;352;125000
389;9382;7;1999;0;1468;1479;1479;2;2;577;191000
390;12474;10;2007;1280;1682;1742;2332;2;3;846;426000
391;8405;5;1900;241;861;961;1367;1;1;384;119000
392;12209;6;2001;690;804;804;1961;2;2;560;215000
393;8339;5;1959;0;0;882;882;1;1;294;106500
394;7446;4;1941;266;788;788;788;1;0;0;100000
395;10134;5;1940;0;735;735;1034;1;1;240;109000
396;9571;5;1956;739;1144;1144;1144;1;1;596;129000
397;7200;5;1972;777;894;894;894;1;2;600;123000
398;7590;5;1962;540;864;876;1812;2;1;264;169500
399;8967;5;1920;0;961;1077;1077;1;1;338;67000
400;8125;7;2006;812;1092;1112;1550;2;2;438;241000
401;14963;8;1996;786;1260;1288;1288;1;2;500;245500
402;8767;7;2005;24;1310;1310;1310;2;2;400;164990
403;10200;5;1940;0;672;672;672;1;1;240;108000
404;12090;8;1998;0;1141;1165;2263;2;2;420;258000
405;10364;6;1995;0;806;806;1572;2;2;373;168000
406;9991;4;1976;1116;1281;1620;1620;2;2;490;150000
407;10480;6;1936;0;1064;1166;1639;1;1;240;115000
408;15576;6;1915;0;840;840;1680;2;1;308;177000
409;14154;7;2006;0;1063;1071;2172;2;3;947;280000
410;10800;8;2007;789;1034;1050;2078;2;3;836;339750
411;9571;5;1958;0;1276;1276;1276;1;1;350;60000
412;34650;5;1955;1056;1056;1056;1056;1;2;572;145000
413;4403;7;2009;578;1470;1478;1478;2;2;484;222000
414;8960;5;1927;0;1008;1028;1028;1;2;360;115000
415;11228;7;1993;50;1080;1080;2097;2;3;678;228000
416;8899;7;2007;24;1340;1340;1340;2;2;396;181134
417;7844;6;1978;209;672;672;1400;1;2;440;149500
418;22420;6;1918;1128;1370;1370;2624;2;3;864;239000
419;8160;5;1940;312;756;756;1134;1;1;240;126000
420;8450;5;1968;775;1056;1056;1056;1;1;304;142000
421;7060;7;1997;1309;1344;1344;1344;2;4;784;206300
422;16635;6;1977;1246;1602;1602;1602;2;2;529;215000
423;21750;5;1954;0;988;988;988;1;2;520;113000
424;9200;8;1998;986;1470;1470;2630;2;3;696;315000
425;9000;6;1956;616;1196;1196;1196;1;1;297;139000
426;3378;7;1946;0;651;707;1389;1;1;240;135000
427;12800;7;1989;1518;1518;1644;1644;2;2;569;275000
428;8593;4;1957;288;907;907;907;1;1;352;109008
429;6762;7;2007;664;1208;1208;1208;2;2;628;195400
430;11457;6;1988;1005;1392;1412;1412;2;2;576;175000
431;1680;6;1971;387;483;483;987;1;1;264;85400
432;5586;6;1920;0;901;1088;1198;1;0;0;79900
433;1920;5;1971;471;765;765;1365;1;2;440;122500
434;10839;6;1997;0;926;926;1604;2;2;470;181000
435;1890;4;1972;495;630;630;630;1;0;0;81000
436;10667;7;1996;385;799;827;1661;2;2;550;212000
437;4400;6;1920;0;648;734;1118;1;2;440;116000
438;6000;6;1926;0;884;904;904;1;1;180;119000
439;4280;5;1913;365;440;694;694;1;1;352;90350
440;12354;6;1920;0;684;684;1196;1;2;528;110000
441;15431;10;2008;1767;3094;2402;2402;2;3;672;555000
442;12108;4;1955;133;1440;1440;1440;2;0;0;118000
443;6240;5;1930;0;1078;1128;1573;2;2;360;162900
444;3922;7;2006;0;1258;1258;1258;2;3;648;172500
445;8750;7;1994;642;915;933;1908;2;2;493;210000
446;9855;6;1956;0;1436;1689;1689;1;2;480;127500
447;16492;6;1966;247;1517;1888;1888;2;2;578;190000
448;11214;7;1998;0;930;956;1886;2;2;431;199900
449;8600;6;1937;0;780;780;1376;2;1;198;119500
450;6000;3;1948;331;649;679;1183;1;1;308;120000
451;5684;6;1930;0;813;813;813;1;1;270;110000
452;70761;7;1975;655;1533;1533;1533;2;2;576;280000
453;9303;6;1996;742;872;888;1756;2;2;422;204000
454;9000;8;2008;0;768;786;1590;2;2;676;210000
455;9297;5;1976;1606;1728;1728;1728;2;2;560;188000
456;9600;7;1973;916;1242;1242;1242;1;2;528;175500
457;4571;5;1916;0;624;624;1344;1;3;513;98000
458;53227;4;1954;1116;1364;1663;1663;1;2;529;256000
459;5100;8;1925;0;588;833;1666;1;1;228;161000
460;7015;5;1950;185;709;979;1203;1;1;352;110000
461;8004;8;2009;544;832;832;1935;2;2;552;263435
462;7200;7;1936;350;560;575;1135;1;2;576;155000
463;8281;5;1965;553;864;864;864;1;1;360;62383
464;11988;6;1934;326;715;849;1660;1;1;240;188700
465;8430;5;1978;616;1040;1040;1040;2;0;0;124000
466;3072;7;2004;0;1375;1414;1414;2;2;398;178740
467;10628;7;1970;778;1277;1277;1277;1;2;526;167000
468;9480;5;1942;386;728;888;1644;1;1;312;146500
469;11428;8;2006;0;1626;1634;1634;2;3;866;250000
470;9291;6;1993;426;832;832;1710;2;2;506;187000
471;6820;8;1985;368;1488;1502;1502;1;2;528;212000
472;11952;7;1977;0;808;1161;1969;2;2;534;190000
473;3675;6;2005;459;547;1072;1072;1;2;525;148000
474;14977;8;2006;1350;1976;1976;1976;2;3;908;440000
475;5330;8;2000;1196;1494;1652;1652;2;2;499;251000
476;8480;5;1963;630;970;970;970;1;2;624;132500
477;13125;6;1997;994;1478;1493;1493;2;2;508;208900
478;13693;9;2006;0;2153;2069;2643;2;3;694;380000
479;10637;8;2007;1288;1705;1718;1718;2;3;826;297000
480;5925;4;1937;168;907;1131;1131;1;2;672;89471
481;16033;9;2004;1261;1833;1850;1850;2;3;772;326000
482;11846;9;2003;1567;1792;1792;1792;2;3;874;374000
483;2500;7;1915;299;910;916;1826;1;1;164;155000
484;4500;6;1998;897;1216;1216;1216;2;2;402;164000
485;7758;5;1962;588;999;999;999;1;1;264;132500
486;9600;5;1950;607;1113;1113;1113;1;1;264;147000
487;10289;5;1965;836;1073;1073;1073;1;2;515;156000
488;12243;5;1971;998;1484;1484;1484;2;2;487;175000
489;10800;5;1900;664;954;1766;2414;2;2;520;160000
490;1526;4;1970;515;630;630;630;1;1;286;86000
491;2665;5;1976;0;264;616;1304;1;1;336;115000
492;9490;6;1941;403;806;958;1578;1;1;240;133000
493;15578;6;2006;0;728;728;1456;2;2;429;172785
494;7931;5;1960;374;1269;1269;1269;1;1;308;155000
495;5784;5;1938;0;190;886;886;1;1;273;91300
496;7879;4;1920;495;720;720;720;1;0;0;34900
497;12692;8;1992;1231;3200;3228;3228;3;2;546;430000
498;9120;7;1925;329;1026;1133;1820;2;1;240;184000
499;7800;5;1967;450;864;899;899;1;1;288;130000
500;7535;5;1958;111;912;912;912;1;1;297;120000
501;1890;6;1973;356;672;672;1218;1;1;264;113000
502;9803;7;2005;400;866;866;1768;2;2;603;226700
503;9170;5;1965;698;1214;1214;1214;1;2;461;140000
504;15602;7;1959;1247;1501;1801;1801;2;2;484;289000
505;2308;6;1974;257;855;855;1322;2;2;440;147000
506;7596;5;1952;0;960;960;1960;2;2;400;124500
507;9554;8;1993;380;777;1065;1911;2;2;471;215000
508;7862;6;2009;27;1218;1218;1218;2;2;676;208300
509;9600;7;1928;141;689;689;1378;2;2;360;161000
510;9600;5;1959;991;1041;1041;1041;1;1;270;124500
511;14559;5;1951;650;1008;1363;1363;1;1;288;164900
512;6792;7;2005;0;1368;1368;1368;2;2;474;202665
513;9100;5;1958;521;864;864;864;1;2;624;129900
514;9187;6;1983;336;1084;1080;1080;1;2;484;134000
515;10594;5;1926;0;768;789;789;1;1;200;96500
516;12220;10;2009;1436;2006;2020;2020;2;3;900;402861
517;10448;6;1972;0;689;1378;2119;2;2;583;158000
518;10208;7;1996;0;1264;1277;2344;2;3;889;265000
519;9531;6;1998;706;794;882;1796;2;2;546;211000
520;10918;7;1926;0;1276;1276;2080;1;1;282;234000
521;10800;4;1900;0;0;694;1294;2;0;0;106250
522;11988;6;1957;777;1244;1244;1244;1;1;336;150000
523;5000;6;1947;399;1004;1004;1664;2;2;420;159000
524;40094;10;2007;2260;3138;3138;4676;3;3;884;184750
525;11787;7;1996;719;1379;1383;2398;2;3;834;315750
526;7500;7;2005;0;1257;1266;1266;2;2;453;176000
527;13300;5;1956;377;928;928;928;1;1;252;132000
528;14948;9;2008;1330;1452;1476;2713;2;3;858;446261
529;9098;4;1920;348;528;605;605;1;0;0;86000
530;32668;6;1957;1219;2035;2515;2515;3;2;484;200624
531;10200;6;1988;783;1461;1509;1509;2;2;600;175000
532;6155;6;1920;0;611;751;1362;2;2;502;128000
533;7200;5;1955;0;0;827;827;1;1;392;107500
534;5000;1;1946;0;0;334;334;1;0;0;39300
535;9056;8;2004;0;707;707;1414;2;2;403;178000
536;7000;5;1910;969;1117;820;1347;1;0;0;107500
537;8924;7;1998;0;880;880;1724;2;2;527;188000
538;12735;4;1972;600;864;864;864;1;2;576;111250
539;11553;5;1968;673;1051;1159;1159;1;1;336;158000
540;11423;8;2001;1358;1581;1601;1601;2;2;670;272000
541;14601;9;2006;1260;1838;1838;1838;2;3;765;315000
542;11000;8;2000;0;969;997;2285;2;3;648;248000
543;10140;7;1998;144;1650;1680;1680;2;2;583;213250
544;4058;7;1998;584;723;767;767;1;1;367;133000
545;17104;7;2006;554;654;664;1496;2;2;426;179665
546;13837;7;1988;1002;1204;1377;2183;2;3;786;229000
547;8737;6;1923;300;1065;915;1635;1;2;440;210000
548;7244;5;1970;619;768;768;768;1;2;624;129500
549;8235;5;1955;180;825;825;825;1;2;720;125000
550;9375;7;2003;0;912;912;2094;2;2;615;263000
551;4043;6;1977;559;1069;1069;1069;2;2;440;140000
552;6000;5;1957;308;928;928;928;1;1;288;112500
553;11146;8;2006;0;1709;1717;1717;2;3;908;255500
554;8777;4;1949;0;0;1126;1126;2;2;520;108000
555;10625;7;2003;866;998;1006;2046;2;3;871;284000
556;6380;5;1922;0;993;1048;1048;1;1;280;113000
557;14850;5;1957;895;1092;1092;1092;1;1;299;141000
558;11040;4;1920;637;637;897;1336;1;1;570;108000
559;21872;7;1996;604;729;729;1446;2;2;406;175000
560;3196;7;2003;0;1374;1557;1557;2;2;420;234000
561;11341;5;1957;1302;1392;1392;1392;1;2;528;121500
562;10010;5;1974;1071;1389;1389;1389;1;2;418;170000
563;13907;5;1940;290;996;996;996;1;0;0;108000
564;21780;6;1918;0;1163;1163;1674;2;2;396;185000
565;13346;7;1992;728;1095;1166;2295;2;2;590;268000
566;6858;6;1915;0;806;841;1647;1;1;216;128000
567;11198;9;2005;0;1122;1134;2504;2;3;656;325000
568;10171;7;2004;2;1517;1535;1535;2;2;532;214000
569;12327;8;1983;1441;1496;1496;2132;1;2;612;316600
570;7032;5;1979;943;943;943;943;1;2;600;135960
571;13101;5;1965;231;1728;1728;1728;2;2;576;142600
572;7332;6;1959;414;864;864;864;1;1;288;120000
573;13159;7;2009;0;846;846;1692;2;2;650;224500
574;9967;7;2000;0;384;774;1430;2;2;400;170000
575;10500;5;1971;349;372;576;1109;1;1;288;139000
576;8480;5;1947;442;832;832;1216;1;1;336;118500
577;6292;7;1928;0;861;877;1477;2;1;216;145000
578;11777;5;1966;328;1164;1320;1320;1;2;564;164500
579;3604;7;2007;0;689;703;1392;2;2;540;146000
580;12150;5;1954;0;1050;1050;1795;2;1;352;131500
581;14585;6;1960;594;1144;1429;1429;1;2;572;181900
582;12704;8;2008;0;2042;2042;2042;2;3;1390;253293
583;11841;6;1990;816;816;816;816;1;0;0;118500
584;13500;10;1893;0;1237;1521;2775;3;2;880;325000
585;6120;4;1935;0;884;989;1573;1;1;240;133000
586;11443;8;2005;1460;1868;2028;2028;2;3;880;369900
587;10267;6;1918;210;816;838;838;1;1;275;130000
588;8740;5;1982;672;840;860;860;1;2;528;137000
589;25095;5;1968;1324;1437;1473;1473;1;1;452;143000
590;9100;5;1930;0;742;779;935;1;1;308;79500
591;8320;7;2004;490;770;770;1582;2;2;520;185900
592;13478;10;2008;1338;1722;1728;2296;2;3;842;451950
593;6600;5;1982;816;816;816;816;1;2;816;138000
594;4435;6;2003;685;848;848;848;1;2;420;140000
595;7990;5;1975;0;924;924;924;1;1;280;110000
596;11302;8;2005;1422;1814;1826;1826;2;3;758;319000
597;3600;6;1910;0;684;684;1368;1;1;216;114504
598;3922;7;2006;0;1258;1402;1402;0;3;648;194201
599;12984;5;1977;1283;1430;1647;1647;2;2;621;217500
600;1950;6;1980;81;716;716;1556;2;2;452;151000
601;10927;8;2005;546;1058;1058;1904;2;2;736;275000
602;9000;6;1937;0;780;780;1375;1;1;544;141000
603;10041;8;1992;789;908;927;1915;2;2;506;220000
604;3182;7;2004;0;600;600;1200;2;2;480;151000
605;12803;7;2002;922;1494;1494;1494;2;2;530;221000
606;13600;7;1965;454;768;1186;1986;2;2;486;205000
607;12464;5;1996;732;1040;1040;1040;1;2;576;152000
608;7800;5;1948;603;896;1112;2008;3;1;230;225000
609;12168;8;1934;428;965;1940;3194;2;2;380;359100
610;7943;4;1961;903;1029;1029;1029;1;1;261;118500
611;11050;9;2000;904;1440;1476;2153;2;3;736;313000
612;10395;6;1978;605;1032;1032;1032;2;2;564;148000
613;11885;8;2001;990;1299;1299;1872;2;2;531;261500
614;8402;5;2007;206;1120;1120;1120;1;0;0;147000
615;1491;4;1972;150;630;630;630;1;0;0;75500
616;8800;6;1963;763;936;1054;1054;1;2;480;137500
617;7861;6;2002;457;783;807;1509;2;2;393;183200
618;7227;6;1954;0;832;832;832;1;2;528;105500
619;11694;9;2007;48;1822;1828;1828;2;3;774;314813
620;12244;8;2003;871;1482;1482;2262;2;3;749;305000
621;8248;3;1914;41;864;864;864;1;0;0;67000
622;10800;6;1974;956;1522;1548;2614;2;2;624;240000
623;7064;5;1977;560;980;980;980;1;2;484;135000
624;2117;6;2000;420;756;756;1512;2;2;440;168500
625;10400;6;1972;247;732;1012;1790;1;2;484;165150
626;10000;6;1962;0;1116;1116;1116;1;2;440;160000
627;12342;5;1960;0;978;1422;1422;1;1;286;139900
628;9600;6;1955;674;1156;1520;1520;1;1;364;153000
629;11606;5;1969;650;1040;1040;2080;1;2;504;135000
630;9020;6;1964;624;1248;1350;1350;1;2;520;168500
631;9000;5;1880;0;636;1089;1750;1;1;240;124000
632;4590;8;2006;24;1554;1554;1554;2;2;627;209500
633;11900;7;1977;822;1386;1411;1411;2;2;544;82500
634;9250;5;1954;480;1056;1056;1056;1;1;260;139400
635;6979;6;1980;1056;1056;1056;1056;0;2;576;144000
636;10896;6;1914;256;1440;1440;3395;2;0;0;200000
637;6120;2;1936;0;264;800;800;1;0;0;60000
638;6000;5;1954;0;811;811;1387;2;1;256;93000
639;8777;5;1910;0;796;796;796;1;0;0;85000
640;3982;8;2006;1154;1520;1567;1567;2;3;648;264561
641;12677;8;2003;1218;1518;1518;1518;1;2;588;274000
642;7050;7;2001;738;1057;1057;1929;2;2;650;226000
643;13860;8;1972;1410;1952;2000;2704;2;2;538;345000
644;10793;5;1969;493;780;780;1620;2;2;462;152000
645;9187;9;2009;1121;1766;1766;1766;2;3;478;370878
646;10530;6;1971;282;981;981;981;1;2;576;143250
647;7200;5;1950;0;0;1048;1048;1;2;420;98300
648;10452;6;1953;500;1094;1094;1094;1;2;495;155000
649;7700;6;1966;0;756;1051;1839;1;2;442;155000
650;1936;4;1970;131;630;630;630;1;0;0;84500
651;8125;7;2007;0;813;822;1665;2;2;562;205950
652;9084;4;1940;0;755;755;1510;1;1;296;108000
653;8750;7;1996;0;880;909;1716;2;2;512;191000
654;10320;6;1906;0;756;756;1469;1;1;216;135000
655;10437;8;1995;1696;2109;2113;2113;2;3;839;350000
656;1680;6;1971;0;525;525;1092;1;1;264;88000
657;10007;5;1959;806;1053;1053;1053;1;1;312;145500
658;7200;7;1931;0;776;851;1502;1;1;270;149000
659;17503;6;1948;0;912;912;1458;1;1;330;97500
660;9937;5;1964;637;1486;1486;1486;1;2;480;167000
661;12384;7;1976;0;793;1142;1935;2;2;550;197900
662;46589;8;1994;1361;1629;1686;2448;2;3;711;402000
663;13560;6;1968;0;1392;1392;1392;1;2;576;110000
664;10012;4;1972;920;1138;1181;1181;2;2;588;137500
665;20896;8;2005;1721;2077;2097;2097;1;3;1134;423000
666;11194;8;2000;0;1406;1454;1936;2;2;504;230500
667;18450;6;1965;187;1021;1465;2380;2;2;596;129000
668;8125;6;1994;1138;1408;1679;1679;2;2;575;193500
669;14175;5;1956;988;1188;1437;1437;1;2;576;168000
670;11600;4;1922;0;700;1180;1180;1;1;252;137500
671;8633;6;2005;193;738;738;1476;2;2;540;173500
672;6629;6;1925;551;672;697;1369;2;1;300;103600
673;11250;6;1977;767;1208;1208;1208;1;2;546;165000
674;14442;6;1957;1186;1477;1839;1839;2;2;416;257500
675;9200;6;1965;892;1136;1136;1136;1;1;384;140000
676;2289;6;1978;311;855;855;1441;2;2;440;148500
677;9600;4;1900;0;1095;1095;1774;2;3;779;87000
678;9022;5;1924;0;768;792;792;1;1;240;109500
679;11844;8;2008;0;2046;2046;2046;2;3;834;372500
680;9945;5;1961;827;988;988;988;1;2;572;128500
681;8012;6;1980;543;923;923;923;2;1;264;143000
682;4500;5;1932;182;793;848;1520;1;1;281;159434
683;2887;6;1996;1003;1291;1291;1291;1;2;431;173000
684;11248;9;2002;1059;1626;1668;1668;2;3;702;285000
685;16770;7;1998;0;1195;1195;1839;2;2;486;221000
686;5062;7;1984;828;1190;1190;2090;2;2;577;207500
687;10207;7;2007;0;874;874;1761;3;2;578;227875
688;5105;7;2004;239;551;551;1102;2;2;480;148800
689;8089;8;2007;945;1419;1419;1419;2;2;567;392000
690;7577;6;2005;20;1362;1362;1362;2;2;460;194700
691;4426;6;2004;697;848;848;848;1;2;420;141000
692;21535;10;1994;1455;2444;2444;4316;3;3;832;755000
693;26178;7;1989;965;1210;1238;2519;2;2;628;335000
694;5400;5;1921;0;1073;1073;1073;1;1;326;108480
695;6120;5;1936;0;927;1067;1539;1;2;576;141500
696;13811;6;1987;980;1112;1137;1137;2;2;551;176000
697;6000;5;1921;616;616;616;616;1;1;205;89000
698;6420;5;1952;210;980;1148;1148;1;1;308;123500
699;8450;5;1965;553;894;894;894;1;1;336;138500
700;4282;7;2004;16;1391;1391;1391;2;2;530;196000
701;14331;8;2002;1274;1800;1800;1800;2;3;765;312500
702;9600;7;1969;0;1164;1164;1164;1;2;528;140000
703;12438;8;2006;0;1234;1264;2576;2;3;666;361919
704;7630;5;1900;0;360;1032;1812;2;2;672;140000
705;8400;7;2004;712;1473;1484;1484;2;2;606;213000
706;5600;4;1930;0;0;372;1092;2;0;0;55000
707;115149;7;1971;1219;1643;1824;1824;2;2;739;302000
708;6240;8;2006;863;1324;1324;1324;2;2;550;254000
709;9018;7;2007;0;728;728;1456;2;2;400;179540
710;7162;5;1966;0;876;904;904;1;1;408;109900
711;4130;3;1935;0;270;729;729;1;0;0;52000
712;8712;4;1900;0;859;859;1178;1;1;384;102776
713;4671;8;1988;767;1228;1228;1228;2;2;472;189000
714;9873;4;1970;789;960;960;960;1;2;576;129000
715;13517;6;1976;533;725;725;1479;2;2;475;130500
716;10140;6;1974;0;1064;1350;1350;2;2;478;165000
717;10800;7;1890;0;718;1576;2554;1;2;704;159500
718;10000;5;1973;1084;1176;1178;1178;1;2;439;157000
719;10542;7;1993;1173;1311;1325;2418;2;3;983;341000
720;9920;5;1969;523;971;971;971;1;1;300;128500
721;6563;8;1985;1148;1742;1742;1742;2;2;564;275000
722;4426;6;2004;662;848;848;848;1;2;420;143000
723;8120;4;1970;191;864;864;864;1;2;463;124500
724;8172;4;1954;0;941;997;1470;2;1;548;135000
725;13286;9;2007;1234;1698;1698;1698;2;3;768;320000
726;6960;4;1970;375;864;864;864;1;2;660;120500
727;21695;6;1988;808;880;1680;1680;2;2;540;222000
728;7314;7;2007;724;1232;1232;1232;2;2;632;194500
729;11475;5;1958;0;1584;1776;1776;2;3;888;110000
730;6240;4;1925;152;780;848;1208;1;2;539;103000
731;5389;8;1995;1180;1595;1616;1616;2;2;608;236500
732;9590;7;2003;786;868;1146;1146;2;2;438;187500
733;11404;7;1998;252;1153;1153;2031;2;2;541;222500
734;10000;5;1961;594;864;1144;1144;1;1;264;131400
735;8978;5;1968;0;948;948;948;1;1;300;108000
736;10800;7;1914;390;880;880;1768;1;2;320;163000
737;8544;3;1950;0;0;1040;1040;2;2;400;93500
738;10463;8;2005;0;893;901;1801;2;3;800;239900
739;10800;5;1987;1200;1200;1200;1200;3;0;0;179000
740;9313;7;2004;0;864;864;1728;2;2;572;190000
741;9600;5;1910;0;264;768;1432;2;2;360;132000
742;6768;6;1961;832;912;912;912;1;1;288;142000
743;8450;7;2000;0;1349;1349;1349;2;2;539;179000
744;12886;5;1963;444;520;1464;1464;2;2;480;175000
745;5395;8;1993;733;1337;1337;1337;2;2;462;180000
746;8963;8;1976;575;1142;1175;2715;3;2;831;299800
747;8795;7;2000;300;952;980;2256;2;2;554;236000
748;11700;7;1880;0;1240;1320;2640;1;4;864;265979
749;10593;7;1996;919;1720;1720;1720;2;2;527;260400
750;8405;4;1945;0;0;1088;1529;2;1;240;98000
751;8800;4;1910;0;576;792;1140;1;0;0;96500
752;7750;7;2003;0;660;660;1320;2;2;400;162000
753;9236;6;1997;1200;1479;1494;1494;2;2;576;217000
754;10240;8;2005;0;1030;1038;2098;2;3;878;275500
755;7930;6;1969;439;1026;1026;1026;1;2;440;156000
756;3230;6;1999;381;729;742;1471;2;2;440;172500
757;10769;8;2007;20;866;866;1768;2;2;578;212000
758;11616;6;1978;438;672;672;1386;2;2;440;158900
759;2280;7;1999;549;744;757;1501;2;2;440;179400
760;12257;8;1995;56;1318;1328;2531;2;3;752;290000
761;9100;6;1959;612;864;864;864;1;1;300;127500
762;6911;5;1924;405;1145;1301;1301;1;2;440;100000
763;8640;7;2009;24;756;764;1547;2;2;614;215200
764;9430;8;1999;1163;1252;1268;2365;2;3;856;337000
765;9549;8;1995;437;1494;1494;1494;1;2;481;270000
766;14587;9;2008;0;1498;1506;1506;2;2;592;264132
767;10421;7;1988;394;980;980;1714;2;2;496;196500
768;12508;6;1940;660;983;983;1750;2;1;423;160000
769;9100;7;2004;24;1860;1836;1836;2;2;484;216837
770;53504;8;2003;1416;1650;1690;3279;3;3;841;538000
771;7252;5;1982;685;858;858;858;1;2;576;134900
772;8877;4;1951;836;836;1220;1220;1;2;396;102000
773;7819;6;1976;422;1029;1117;1117;1;2;672;107000
774;10150;5;1958;456;912;912;912;1;1;275;114500
775;14226;8;2006;0;1935;1973;1973;2;3;895;395000
776;4500;6;1998;866;1204;1204;1204;2;2;412;162000
777;11210;7;2005;20;1614;1614;1614;2;3;865;221500
778;13350;5;1974;762;864;894;894;1;2;440;142500
779;8400;5;1977;0;0;2020;2020;2;2;630;144000
780;10530;6;1977;975;975;1004;1004;1;2;504;135000
781;7875;7;1995;0;1237;1253;1253;2;2;402;176000
782;7153;6;1992;387;761;810;1603;2;2;484;175900
783;16285;7;2001;0;1413;1430;1430;2;2;605;187100
784;9101;5;1978;1097;1097;1110;1110;1;2;602;165500
785;6300;6;1914;0;742;742;1484;2;0;0;128000
786;9790;6;1967;251;1372;1342;1342;2;2;457;161500
787;10800;5;1915;686;686;966;1652;2;1;416;139000
788;10142;7;2004;656;956;956;2084;2;2;618;233000
789;6000;4;1954;0;901;901;901;1;1;281;107900
790;12205;6;1966;568;832;976;2087;2;2;444;187500
791;3182;7;2005;16;1145;1145;1145;2;2;397;160200
792;11333;6;1976;539;1029;1062;1062;1;2;539;146800
793;9920;7;1996;862;1117;1127;2013;2;2;455;269790
794;9158;8;2007;0;1496;1496;1496;2;2;474;225000
795;10832;7;1994;0;712;1086;1895;2;2;409;194500
796;8400;6;1980;0;650;888;1564;2;2;476;171000
797;8197;6;1977;0;660;1285;1285;1;2;528;143500
798;7677;5;1953;570;773;773;773;1;1;240;110000
799;13518;9;2008;0;1926;1966;3140;3;3;820;485000
800;7200;5;1937;569;731;981;1768;1;1;240;175000
801;12798;6;1997;462;616;616;1688;2;2;603;200000
802;4800;4;1916;197;1196;1196;1196;1;2;440;109900
803;8199;7;2005;648;728;728;1456;2;2;410;189000
804;13891;9;2008;0;1734;1734;2822;3;3;1020;582933
805;9000;5;1954;812;936;1128;1128;1;1;286;118000
806;12274;7;2008;0;1417;1428;1428;2;2;554;227680
807;9750;5;1967;400;980;980;980;2;1;384;135500
808;21384;5;1923;1309;1324;1072;1576;1;2;528;223500
809;13400;5;1966;516;1024;1086;1086;1;2;484;159950
810;8100;5;1898;0;849;1075;2138;2;2;360;106000
811;10140;6;1974;663;1040;1309;1309;1;2;484;181000
812;4438;6;2004;662;848;848;848;1;2;420;144500
813;8712;5;1952;0;540;1044;1044;1;2;504;55993
814;9750;6;1958;608;1442;1442;1442;1;1;301;157900
815;8248;5;1918;0;686;686;1250;1;1;280;116000
816;12137;7;1998;0;1649;1661;1661;2;2;598;224900
817;11425;5;1954;486;1008;1008;1008;1;1;275;137000
818;13265;8;2002;1218;1568;1689;1689;2;3;857;271000
819;8816;6;1971;504;1010;1052;1052;1;2;440;155000
820;6371;7;2009;733;1358;1358;1358;2;2;484;224000
821;7226;7;2003;0;798;798;1640;2;2;595;183000
822;6000;4;1953;0;936;936;936;1;2;576;93000
823;12394;7;2003;0;847;847;1733;2;2;433;225000
824;9900;6;1940;0;778;944;1489;2;1;240;139500
825;11216;8;2006;0;1489;1489;1489;2;2;776;232600
826;14803;10;2007;1636;2078;2084;2084;2;3;1220;385000
827;6130;5;1924;784;784;784;784;1;0;0;109500
828;8529;7;2001;20;1454;1434;1434;2;2;527;189000
829;28698;5;1967;249;1013;1160;2126;2;2;538;185000
830;2544;7;2005;0;600;520;1223;2;2;480;147400
831;11900;6;1957;1040;1392;1392;1392;1;2;458;166000
832;3180;7;2005;0;600;520;1200;2;2;480;151000
833;9548;7;2003;483;941;941;1829;2;2;613;237000
834;10004;6;1964;196;1516;1516;1516;1;2;472;167000
835;7875;5;1961;572;1144;1144;1144;1;2;456;139950
836;9600;4;1950;442;1067;1067;1067;2;2;436;128000
837;8100;5;1948;338;1559;1559;1559;1;2;812;153500
838;1680;6;1973;330;483;483;987;1;1;264;100000
839;9525;5;1995;0;1099;1099;1099;1;1;352;144000
840;11767;5;1946;352;768;768;1200;1;1;240;130500
841;12155;6;1925;156;672;810;1482;2;1;400;140000
842;10440;5;1904;0;650;958;1539;2;2;686;157500
843;9020;6;1966;312;1127;1165;1165;1;2;490;174900
844;8000;5;1961;0;1800;1800;1800;2;0;0;141000
845;12665;5;1915;0;876;876;1416;1;3;720;153900
846;16647;5;1975;1390;1390;1701;1701;2;2;611;171000
847;9317;7;1993;513;740;1006;1775;2;2;425;213000
848;15523;5;1972;460;864;864;864;1;1;338;133500
849;45600;6;1908;0;907;1307;2358;3;2;360;240000
850;9600;6;1976;0;528;1094;1855;2;2;512;187000
851;4435;6;2003;659;848;848;848;1;2;420;131500
852;3196;8;2003;0;1273;1456;1456;2;2;400;215000
853;7128;7;1941;364;918;918;1646;2;1;240;164000
854;12095;6;1964;564;1127;1445;1445;1;2;645;158000
855;17920;5;1955;306;1763;1779;1779;1;2;454;170000
856;6897;5;1962;659;1040;1040;1040;1;1;260;127000
857;10970;6;1978;505;940;1026;1026;1;2;576;147000
858;8125;6;1994;0;702;702;1481;2;2;343;174000
859;10400;7;1976;0;1090;1370;1370;2;2;479;152000
860;11029;6;1968;619;1054;1512;2654;2;2;619;250000
861;7642;7;1918;0;912;912;1426;1;1;216;189950
862;11625;5;1965;841;1039;1039;1039;1;2;504;131500
863;9672;6;1984;338;1040;1097;1097;2;2;480;152000
864;7931;5;1959;1148;1148;1148;1148;1;1;672;132500
865;8640;7;2007;0;1372;1372;1372;2;2;529;250580
866;8750;5;1970;828;1002;1002;1002;1;2;902;148500
867;10656;8;2006;0;1638;1646;1646;2;3;870;248900
868;6970;4;1961;932;1040;1120;1120;1;2;544;129000
869;14762;5;1948;0;0;1547;2320;2;2;672;169000
870;9938;7;1993;750;1050;1062;1949;2;2;574;236000
871;6600;5;1962;0;894;894;894;1;1;308;109500
872;8750;6;1998;505;804;804;1682;2;2;523;200500
873;8892;5;1953;0;105;910;910;1;2;414;116000
874;12144;5;1949;375;832;1036;1268;1;1;288;133000
875;5720;5;1941;0;676;676;1131;1;1;200;66500
876;9000;8;2007;64;1184;1184;2610;2;2;550;303477
877;25286;4;1963;633;1064;1040;1040;1;2;648;132250
878;8834;9;2004;1170;1462;1462;2224;2;3;738;350000
879;11782;5;1961;899;1109;1155;1155;1;2;576;148000
880;7000;5;1978;646;864;864;864;1;1;336;136500
881;7024;5;2005;980;1090;1090;1090;1;2;450;157000
882;13758;7;1990;902;1156;1187;1717;2;2;400;187500
883;9636;6;1992;0;808;808;1593;2;2;389;178000
884;6204;4;1912;0;795;954;2230;1;1;440;118500
885;7150;5;1967;432;892;892;892;1;1;288;100000
886;5119;9;1999;1238;1698;1709;1709;2;2;506;328900
887;8393;5;1959;528;1626;1712;1712;2;2;588;145000
888;16466;5;1955;0;816;872;1393;1;1;300;135500
889;15865;8;1970;351;2217;2217;2217;2;2;621;268000
890;12160;6;1953;1024;1505;1505;1505;1;2;505;149500
891;8064;5;1949;0;672;672;924;1;2;576;122900
892;11184;6;1978;226;918;918;1683;2;2;440;172500
893;8414;6;1963;663;1059;1068;1068;1;1;264;154500
894;13284;5;1954;1064;1383;1383;1383;1;1;354;165000
895;7018;5;1979;0;0;1535;1535;2;2;400;118858
896;7056;6;1963;400;780;983;1796;1;2;483;140000
897;8765;4;1936;285;951;951;951;1;1;327;106500
898;7018;5;1979;0;0;1120;2240;2;2;528;142953
899;12919;9;2009;2188;2330;2364;2364;2;3;820;611657
900;6993;5;1961;465;912;1236;1236;1;1;288;135000
901;7340;4;1971;322;858;858;858;1;1;684;110000
902;8712;5;1957;860;992;1306;1306;1;1;756;153000
903;7875;7;2003;0;783;807;1509;2;2;393;180000
904;14859;7;2006;0;1670;1670;1670;2;3;690;240000
905;6173;5;1967;599;876;902;902;1;1;288;125500
906;9920;5;1954;354;1056;1063;1063;1;1;280;128000
907;13501;8;2006;63;1623;1636;1636;2;3;865;255000
908;11500;7;1936;223;1017;1020;2057;1;1;180;250000
909;8885;5;1983;301;864;902;902;1;2;484;131000
910;12589;6;2005;0;742;742;1484;2;2;390;174000
911;11600;5;1960;443;1105;1105;2274;2;2;480;154300
912;9286;5;1977;196;1268;1268;1268;1;1;252;143500
913;6120;5;1925;489;768;1015;1015;1;1;450;88000
914;6270;5;1949;284;1001;1001;2002;2;3;871;145000
915;3000;6;2009;294;612;612;1224;2;2;528;173733
916;2001;4;1970;0;546;546;1092;1;1;286;75000
917;9000;2;1949;50;480;480;480;0;1;308;35311
918;17140;4;1956;1059;1134;1229;1229;1;1;284;135000
919;13125;7;1991;48;1104;912;2127;2;3;833;238000
920;11029;6;1958;528;1184;1414;1414;1;2;601;176500
921;8462;6;1994;814;928;936;1721;2;2;471;201000
922;8777;5;1900;1084;1272;1272;2200;2;0;0;145900
923;10237;6;2005;28;1316;1316;1316;2;2;397;169990
924;8012;6;1993;165;1604;1617;1617;2;2;533;193000
925;10240;6;1980;625;1686;1686;1686;2;2;612;207500
926;15611;5;1977;767;1126;1126;1126;2;2;540;175000
927;11999;8;2003;0;1181;1234;2374;2;3;656;285000
928;9900;7;1968;552;832;1098;1978;2;2;486;176000
929;11838;8;2001;0;1753;1788;1788;2;2;522;236500
930;13006;7;1997;0;964;993;2236;2;2;642;222000
931;8925;8;2007;16;1466;1466;1466;2;3;610;201000
932;9100;5;1965;338;925;925;925;1;1;429;117500
933;11670;9;2006;0;1905;1905;1905;2;3;788;320000
934;8487;7;2004;20;1500;1500;1500;2;2;570;190000
935;27650;7;1960;425;585;2069;2069;2;2;505;242000
936;5825;4;1926;0;600;747;747;1;2;528;79900
937;10083;7;2003;833;1176;1200;1200;2;2;555;184900
938;9675;7;2005;341;1113;1113;1971;2;2;689;253000
939;8760;7;2006;464;1391;1391;1962;2;3;868;239799
940;24090;7;1940;0;1032;1207;2403;2;1;349;244400
941;12640;6;1976;936;1728;1728;1728;2;2;574;150900
942;8755;7;1999;772;992;1022;2060;2;2;390;214000
943;7711;4;1977;1440;1440;1440;1440;2;0;0;150000
944;25000;5;1967;0;1632;1632;1632;2;2;576;143000
945;14375;6;1958;111;819;1344;1344;1;2;525;137500
946;8820;5;1890;1088;1088;1188;1869;1;2;456;124900
947;8163;5;1959;748;1144;1144;1144;1;1;796;143000
948;14536;8;2002;1300;1616;1629;1629;2;3;808;270000
949;14006;7;2002;0;936;936;1776;2;2;474;192500
950;9360;6;1972;982;1161;1381;1381;1;2;676;197500
951;7200;5;1950;398;864;864;864;1;2;720;129000
952;7800;5;1965;641;828;965;965;1;1;300;119900
953;7200;5;1972;660;768;768;768;1;1;396;133900
954;11075;5;1969;562;784;1168;1968;2;2;530;172000
955;9400;6;1975;945;945;980;980;2;0;0;127500
956;7136;6;1946;484;979;979;1958;2;2;492;145000
957;1300;6;1980;285;561;561;1229;1;2;462;124000
958;7420;5;1962;417;1057;1057;1057;1;2;576;132000
959;8450;7;2003;699;1337;1337;1337;2;2;531;185000
960;2572;7;1999;604;696;696;1416;2;2;484;155000
961;7207;5;1958;696;858;858;858;1;0;0;116500
962;12227;6;1977;896;1330;1542;2872;2;2;619;272000
963;2308;6;1976;556;804;804;1548;2;2;440;155000
964;11923;9;2007;0;1800;1800;1800;2;2;702;239000
965;11316;7;2002;624;817;824;1894;2;2;510;214900
966;10237;6;2005;0;783;783;1484;2;2;393;178900
967;9600;5;1940;428;728;976;1308;1;1;256;160000
968;7390;5;1955;902;1098;1098;1098;1;1;260;135000
969;5925;3;1910;0;600;600;968;1;0;0;37900
970;10382;6;1958;513;588;1095;1095;1;1;264;140000
971;10800;4;1949;0;720;720;1192;1;0;0;135000
972;2268;7;2003;567;764;764;1626;2;2;474;173000
973;7892;6;1979;0;918;918;918;2;1;264;99500
974;11639;7;2007;0;1428;1428;1428;2;2;480;182000
975;11414;7;1910;0;728;1136;2019;1;2;532;167500
976;2651;7;2000;641;673;673;1382;2;2;490;165000
977;5900;4;1923;0;440;869;869;1;0;0;85500
978;4274;7;2006;1106;1241;1241;1241;1;2;569;199900
979;9450;4;1954;552;894;894;894;1;2;400;110000
980;8816;5;1963;651;1121;1121;1121;1;2;480;139000
981;12122;7;1961;867;944;999;999;1;2;588;178400
982;12203;8;1998;854;1225;1276;2612;2;3;676;336000
983;3182;7;2007;0;1266;1266;1266;2;2;388;159895
984;11250;8;2002;0;1128;1149;2290;2;2;779;255900
985;10125;5;1977;0;0;1302;1734;2;2;539;126000
986;10880;5;1950;1040;1164;1164;1164;1;1;240;125000
987;5310;6;1910;0;485;1001;1635;1;1;255;117000
988;10159;9;2009;1646;1930;1940;1940;2;3;606;395192
989;12046;6;1976;156;848;1118;2030;2;2;551;195000
990;8125;7;2006;0;770;778;1576;2;2;614;197000
991;9452;8;1997;1074;1396;1407;2392;2;3;870;348000
992;17671;8;1882;216;916;916;1742;1;2;424;168000
993;9760;6;1964;536;822;1020;1851;2;2;440;187000
994;8846;6;2005;0;750;750;1500;2;2;564;173900
995;12456;10;2006;1172;1700;1718;1718;2;3;786;337500
996;4712;4;1946;384;747;774;1230;1;1;305;121600
997;10659;5;1961;915;1050;1050;1050;1;1;368;136500
998;11717;6;1970;0;1442;1442;1442;2;2;615;185000
999;9786;3;1922;0;1007;1077;1077;1;1;210;91000
1000;6762;7;2006;686;1187;1208;1208;2;2;632;206000
1001;10206;3;1952;0;0;944;944;1;2;528;82000
1002;5400;5;1920;0;691;691;691;1;1;216;86000
1003;11957;8;2006;24;1574;1574;1574;2;3;824;232000
1004;11500;5;1976;0;1680;1680;1680;2;2;528;136905
1005;3182;7;2005;16;1346;1504;1504;2;2;457;181000
1006;8385;5;1977;595;985;985;985;2;1;328;149900
1007;12155;6;1970;1237;1657;1657;1657;2;2;484;163500
1008;2217;4;1970;273;546;546;1092;1;1;286;88000
1009;12118;7;2004;0;1710;1710;1710;2;2;550;240000
1010;6000;5;1926;0;1008;1008;1522;2;0;0;102000
1011;21286;5;1948;0;720;720;1271;2;1;312;135000
1012;9825;5;1965;0;0;1664;1664;2;0;0;100000
1013;10592;6;1923;0;602;900;1502;1;1;180;165000
1014;7200;5;1910;247;1022;1022;1022;1;1;280;85000
1015;11664;6;1948;336;1082;1082;1082;1;1;240;119200
1016;8400;8;2001;643;810;810;1665;2;2;528;227000
1017;11883;7;1996;690;1504;1504;1504;2;2;478;203000
1018;5814;8;1984;1036;1220;1360;1360;1;2;565;187500
1019;10784;7;1991;0;384;802;1472;2;2;402;160000
1020;3013;7;2005;16;1362;1506;1506;2;2;440;213490
1021;7024;4;2005;1024;1132;1132;1132;1;2;451;176000
1022;7406;7;2006;684;1199;1220;1220;2;2;632;194000
1023;9439;5;1930;324;912;912;1248;1;1;160;87000
1024;3182;7;2005;16;1346;1504;1504;2;2;437;191000
1025;15498;8;1976;1165;1565;2898;2898;2;2;665;287000
1026;7700;5;1972;138;882;882;882;1;2;461;112500
1027;9300;5;1960;697;1268;1264;1264;1;2;461;167500
1028;9520;8;2007;1513;1638;1646;1646;2;3;800;293077
1029;9492;5;1941;368;768;968;1376;1;1;240;105000
1030;1680;6;1972;317;672;672;1218;1;1;264;118000
1031;7082;5;1916;0;686;948;1928;2;0;0;160000
1032;15863;7;1920;523;824;1687;3082;2;2;672;197000
1033;14541;8;1993;1012;1338;1352;2520;2;3;796;310000
1034;8125;7;2002;986;1654;1654;1654;2;3;900;230000
1035;6305;5;1938;0;920;954;954;1;1;240;119750
1036;11500;4;1957;0;0;845;845;1;1;290;84000
1037;12898;9;2007;1022;1620;1620;1620;2;3;912;315500
1038;9240;8;2001;0;1055;1055;2263;2;2;905;287000
1039;1533;4;1970;0;546;798;1344;1;0;0;97000
1040;1477;4;1970;509;630;630;630;1;1;286;80000
1041;13125;5;1957;168;1134;1803;1803;2;2;484;155000
1042;9130;6;1966;400;800;800;1632;1;2;484;173000
1043;5381;6;2005;900;1306;1306;1306;2;2;624;196000
1044;11839;7;1990;1085;1475;1532;2329;2;2;514;262280
1045;9600;8;1981;1104;2524;2524;2524;2;2;542;278000
1046;13680;3;1955;0;0;1733;1733;2;2;452;139600
1047;16056;9;2005;240;1992;1992;2868;3;3;716;556581
1048;9245;5;1994;686;990;990;990;1;2;672;145000
1049;21750;5;1960;0;0;1771;1771;1;2;336;115000
1050;11100;4;1946;0;0;930;930;1;1;308;84900
1051;8993;7;2007;0;1302;1302;1302;2;2;436;176485
1052;11175;7;2007;0;1316;1316;1316;2;2;440;200141
1053;9500;6;1964;442;816;1127;1977;1;2;540;165000
1054;8562;5;1957;383;1216;1526;1526;1;1;364;144500
1055;11367;8;2002;932;1065;1091;1989;2;2;586;255000
1056;11361;6;1976;644;1193;1523;1523;2;2;478;180000
1057;7052;7;2005;659;1364;1364;1364;2;2;484;185850
1058;29959;7;1994;595;973;979;1850;2;2;467;248000
1059;11308;9;2008;936;1104;1130;2184;2;3;836;335000
1060;11275;6;1932;297;854;1096;1991;1;2;432;220000
1061;4920;8;2001;616;1338;1338;1338;2;2;582;213500
1062;18000;3;1935;0;894;894;894;1;3;1248;81000
1063;13600;5;1900;0;662;1422;2337;2;2;560;90000
1064;6000;6;1925;397;1103;1103;1103;1;2;440;110500
1065;11000;5;1966;740;1154;1154;1154;1;2;480;154000
1066;14000;7;1996;1201;1306;1306;2260;2;2;533;328000
1067;7837;6;1993;0;799;799;1571;2;2;380;178000
1068;9760;6;1964;674;780;798;1611;1;2;442;167900
1069;3964;6;1973;837;942;1291;2521;2;2;576;151400
1070;9600;5;1949;220;845;893;893;1;2;576;135000
1071;10152;5;1956;586;1048;1048;1048;1;1;286;135000
1072;11700;6;1968;298;727;829;1556;1;2;441;154000
1073;7585;5;1948;0;810;1002;1456;1;1;280;91500
1074;7950;6;1977;535;690;698;1426;1;2;440;159500
1075;8556;7;2006;0;1240;1240;1240;2;3;826;194000
1076;13125;7;1940;410;800;960;1740;1;1;240;219500
1077;10800;5;1936;626;796;1096;1466;2;2;566;170000
1078;15870;5;1969;75;1096;1096;1096;1;1;299;138800
1079;4435;6;2004;662;848;848;848;1;2;420;155900
1080;8775;5;1994;495;990;990;990;1;1;299;126000
1081;11040;6;1971;656;1258;1258;1258;2;2;528;145000
1082;7500;5;1963;824;1040;1040;1040;1;1;308;133000
1083;8749;7;2002;0;1459;1459;1459;2;2;527;192000
1084;8800;6;1964;553;1251;1251;1251;1;1;461;160000
1085;13031;6;1995;592;691;691;1498;2;2;409;187500
1086;9069;6;1992;747;936;996;996;1;2;564;147000
1087;1974;4;1973;334;546;546;1092;1;1;286;83500
1088;10574;8;2005;0;1082;1082;1953;2;3;1043;252000
1089;2522;7;2004;0;970;970;1709;2;2;380;137500
1090;3316;8;2005;1039;1247;1247;1247;1;2;550;197000
1091;8544;3;1950;0;0;1040;1040;2;2;400;92900
1092;2160;7;1999;510;600;624;1252;2;2;462;160000
1093;8400;6;1925;423;1181;1390;1694;2;2;576;136500
1094;9230;5;1965;661;864;1200;1200;1;2;884;146000
1095;5868;5;1956;248;936;936;936;1;1;308;129000
1096;9317;6;2006;24;1314;1314;1314;2;2;440;176432
1097;6882;6;1914;0;684;773;1355;1;0;0;127000
1098;3696;8;1986;0;1074;1088;1088;1;2;461;170000
1099;6000;4;1936;672;672;757;1324;1;1;240;128000
1100;11880;7;1978;704;1271;1601;1601;2;2;478;157000
1101;8400;2;1920;290;290;438;438;1;1;246;60000
1102;9758;5;1971;412;950;950;950;1;1;280;119500
1103;7000;5;1960;588;1010;1134;1134;1;1;254;135000
1104;8910;6;1959;655;655;1194;1194;1;2;539;159500
1105;2016;5;1970;0;630;630;1302;2;2;440;106000
1106;12256;8;1994;1032;1463;1500;2622;2;2;712;325000
1107;10357;7;1990;738;910;1442;1442;2;2;719;179900
1108;23257;7;2006;0;868;887;2021;2;2;422;274725
1109;8063;6;2000;0;924;948;1690;2;2;463;181000
1110;11362;8;2004;1039;1836;1836;1836;2;3;862;280000
1111;8000;6;1995;219;773;773;1658;2;2;431;188000
1112;10480;7;1976;403;803;1098;1964;2;2;483;205000
1113;7100;5;1957;708;816;816;816;1;1;308;129900
1114;8923;5;1953;643;1008;1008;1008;1;1;240;134500
1115;5400;5;1954;415;833;833;833;1;1;326;117000
1116;12085;8;2007;1004;1734;1734;1734;2;3;928;318000
1117;7750;8;2002;353;408;779;1419;2;2;527;184100
1118;9764;5;1967;702;894;894;894;1;2;450;130000
1119;13825;5;1958;0;533;1021;1601;1;1;300;140000
1120;7560;5;1959;369;1040;1040;1040;1;1;286;133700
1121;8263;6;1920;0;1012;1012;1012;1;1;308;118400
1122;10084;7;2005;24;1552;1552;1552;2;3;782;212900
1123;8926;4;1956;0;672;960;960;1;1;288;112000
1124;9405;5;1947;0;698;698;698;1;0;0;118000
1125;9125;7;1992;0;384;812;1482;2;2;392;163900
1126;10434;4;1955;0;1005;1005;1005;1;2;672;115000
1127;3684;7;2007;0;1373;1555;1555;2;3;660;174000
1128;14572;7;2004;1300;1530;1530;1530;2;3;630;259000
1129;11796;7;2004;0;847;847;1959;2;2;434;215000
1130;7200;5;1980;936;936;936;936;1;2;672;140000
1131;7804;4;1928;622;1122;1328;1981;2;2;576;135000
1132;10712;5;1991;212;974;974;974;1;0;0;93500
1133;9900;6;1880;0;1008;1178;2210;2;1;205;117500
1134;9828;8;1995;584;1128;1142;2020;2;2;466;239500
1135;8773;6;1997;0;916;916;1600;2;2;460;169000
1136;6180;6;1926;0;960;986;986;1;1;180;102000
1137;9600;6;1950;280;1032;1032;1252;1;1;288;119000
1138;6342;5;1875;0;780;780;1020;1;0;0;94000
1139;9819;6;1977;1567;1567;1567;1567;2;2;714;196000
1140;8731;5;1920;645;915;1167;1167;1;2;495;144000
1141;7350;5;1951;852;952;952;952;1;2;840;139000
1142;10304;5;1976;381;780;1088;1868;2;2;484;197500
1143;9965;8;2006;1150;1466;1466;2828;3;3;1052;424870
1144;9000;5;1959;288;1006;1006;1006;1;0;0;80000
1145;12180;4;1941;348;672;672;924;1;1;280;80000
1146;6240;5;1928;0;1042;1042;1576;1;1;225;149000
1147;11200;6;1985;1258;1298;1298;1298;2;2;403;180000
1148;12000;7;1941;275;704;860;1564;1;1;234;174500
1149;5700;7;1926;0;572;572;1111;1;1;288;116900
1150;9000;7;1920;624;650;832;1482;1;2;324;143000
1151;8280;6;1950;0;932;932;932;1;1;306;124000
1152;17755;5;1959;176;1466;1466;1466;1;2;528;149900
1153;14115;6;1956;296;1073;1811;1811;1;2;470;230000
1154;5890;6;1930;538;816;816;816;1;1;432;120500
1155;13700;7;1965;454;864;902;1820;1;2;492;201800
1156;10768;5;1976;1157;1437;1437;1437;2;2;528;218000
1157;9350;5;1965;633;1219;1265;1265;2;2;502;179900
1158;5001;7;2007;904;1314;1314;1314;2;2;626;230000
1159;11932;8;2007;0;1580;1580;1580;2;3;830;235128
1160;9120;6;1974;442;901;943;1876;2;2;540;185000
1161;2280;6;1978;311;855;855;1456;2;2;440;146000
1162;14778;6;1954;728;1296;1640;1640;1;2;924;224000
1163;8724;5;1968;492;894;894;894;1;2;450;129000
1164;12900;4;1969;1198;1198;1258;1258;0;2;400;108959
1165;16157;5;1978;680;1360;1432;1432;1;2;588;194000
1166;9541;7;2009;0;1502;1502;1502;2;2;644;233170
1167;10475;8;2008;0;1694;1694;1694;2;3;776;245350
1168;10852;6;2000;786;959;959;1671;2;2;472;173000
1169;13728;6;1935;626;1127;1236;2108;2;2;540;235000
1170;35760;10;1995;1387;1930;1831;3627;3;3;807;625000
1171;9880;6;1977;522;1096;1118;1118;1;1;358;171000
1172;9120;6;1958;662;1261;1261;1261;1;2;433;163000
1173;4017;7;2006;0;625;625;1250;2;2;625;171900
1174;18030;5;1946;152;1598;1636;3086;3;0;0;200500
1175;16560;6;1932;503;952;1170;2345;2;2;360;239000
1176;10678;8;1992;700;1683;2129;2872;2;2;541;285000
1177;6951;5;1984;658;876;923;923;1;1;264;119500
1178;3950;6;1926;468;818;818;1224;1;1;210;115000
1179;7681;5;1921;0;731;820;1343;1;1;186;154900
1180;8335;5;1954;0;0;1124;1124;1;0;0;93000
1181;11170;7;1990;1216;1216;1298;2514;2;2;693;250000
1182;5587;8;2008;1480;1600;1652;1652;2;2;482;392500
1183;15623;10;1996;2096;2396;2411;4476;3;3;813;745000
1184;10800;5;1920;821;1120;1130;1130;1;2;720;120000
1185;35133;5;1963;1159;1572;1572;1572;1;3;995;186700
1186;9738;5;1924;392;784;949;1221;1;1;392;104900
1187;10615;3;1900;440;978;1014;1699;2;2;420;95000
1188;12461;8;1994;1456;1624;1624;1624;2;3;757;262000
1189;8935;7;2002;0;831;831;1660;2;2;493;195000
1190;7500;7;1999;0;994;1028;1804;2;2;442;189000
1191;32463;4;1961;1159;1249;1622;1622;1;4;1356;168000
1192;2645;8;1999;0;776;764;1441;2;2;492;174000
1193;9600;5;1925;0;702;842;1472;1;1;250;125000
1194;4500;6;1999;883;1224;1224;1224;2;2;402;165000
1195;9364;6;1969;371;663;663;1352;1;1;299;158000
1196;8029;6;2005;0;728;728;1456;2;2;400;176000
1197;14054;7;2006;0;879;879;1863;2;3;660;219210
1198;8850;7;1916;0;815;815;1690;1;1;225;144000
1199;9100;7;2001;0;1212;1212;1212;2;2;573;178000
1200;11235;4;1963;547;1051;1382;1382;1;2;459;148000
1201;9353;4;1970;0;864;864;864;1;1;280;116050
1202;10400;7;1998;0;866;866;1779;2;2;546;197900
1203;6000;5;1925;0;884;884;1348;1;1;216;117000
1204;9750;7;2000;0;1630;1630;1630;2;2;451;213000
1205;10140;5;1975;788;1056;1074;1074;1;2;495;153500
1206;14684;7;1990;485;2158;2196;2196;2;3;701;271900
1207;8900;4;1966;1056;1056;1056;1056;1;1;384;107000
1208;9135;6;2003;340;1682;1700;1700;2;2;544;200000
1209;7763;5;1962;504;931;1283;1283;1;2;506;140000
1210;10182;8;2006;1220;1660;1660;1660;2;2;500;290000
1211;11218;6;1992;0;1055;1055;1845;2;2;462;189000
1212;12134;8;1988;427;559;1080;1752;2;2;492;164000
1213;9340;4;1941;344;672;672;672;1;1;234;113000
1214;10246;4;1965;648;648;960;960;0;1;364;145000
1215;10205;5;1962;784;925;999;999;1;1;300;134500
1216;7094;5;1966;180;894;894;894;1;1;384;125000
1217;8930;6;1978;0;0;1318;1902;2;2;539;112000
1218;8640;8;2009;936;1300;1314;1314;2;2;552;229456
1219;6240;4;1947;0;0;672;912;1;0;0;80500
1220;1680;6;1971;0;672;672;1218;1;0;0;91500
1221;7800;5;1964;312;912;912;912;1;1;288;115000
1222;8250;5;1968;250;952;1211;1211;1;1;322;134000
1223;10496;6;1949;196;1040;1168;1846;2;1;315;143000
1224;10680;5;1951;756;2136;2136;2136;2;2;528;137900
1225;15384;7;2004;724;788;788;1490;2;2;388;184000
1226;10482;6;1958;507;588;1138;1138;1;1;264;145000
1227;14598;6;2007;0;894;894;1933;2;3;668;214000
1228;8872;5;1965;595;912;912;912;1;2;576;147000
1229;8769;9;2008;1540;1702;1702;1702;1;3;1052;367294
1230;7910;5;1960;666;1075;1507;1507;2;1;404;127000
1231;18890;5;1977;498;1361;1361;2620;2;2;600;190000
1232;7728;5;1962;803;1106;1190;1190;1;2;540;132500
1233;9842;4;1962;0;0;1224;1224;2;2;462;101800
1234;12160;5;1959;1000;1188;1188;1188;1;2;531;142000
1235;8525;5;1911;0;940;1024;1964;1;0;0;130000
1236;13132;5;1914;0;747;892;1784;1;1;180;138887
1237;2628;7;2003;0;764;764;1626;2;2;474;175500
1238;12393;7;2004;0;847;847;1948;2;2;434;195000
1239;13072;6;2005;0;1141;1141;1141;1;2;484;142500
1240;9037;8;2006;428;1476;1484;1484;2;2;472;265900
1241;8158;7;2003;550;884;884;1768;2;2;543;224900
1242;9849;7;2007;0;1689;1689;1689;2;3;954;248328
1243;10625;7;1974;885;1053;1173;1173;2;2;528;170000
1244;13891;10;2006;1386;2076;2076;2076;2;3;850;465000
1245;11435;8;1929;0;792;792;1517;1;2;400;230000
1246;12090;6;1984;0;585;1140;1868;3;2;477;178000
1247;8125;7;2005;0;756;756;1553;2;2;615;186500
1248;12328;6;1976;539;1012;1034;1034;1;3;888;169900
1249;9600;6;1917;319;735;1134;2058;1;2;396;129500
1250;7200;5;1950;534;876;988;988;1;1;276;119000
1251;11160;7;1968;1065;2110;2110;2110;2;2;522;244000
1252;3136;7;2003;0;1405;1405;1405;2;2;478;171750
1253;9858;5;1968;510;864;874;874;1;1;288;130000
1254;17542;7;1974;125;1192;1516;2167;2;2;518;294000
1255;6931;7;2003;0;746;760;1656;2;2;397;165400
1256;6240;6;1931;425;884;959;1367;1;1;560;127500
1257;14303;8;1994;1314;1986;1987;1987;2;2;691;301500
1258;4060;5;1922;0;864;864;864;1;0;0;99900
1259;9587;7;2005;655;856;1166;1166;2;2;400;190000
1260;9750;6;1969;602;1054;1054;1054;1;2;460;151000
1261;24682;6;1999;0;841;892;1675;2;2;502;181000
1262;9600;5;1956;504;1050;1050;1050;1;1;338;128900
1263;11250;4;1957;0;1104;1104;1788;1;1;304;161500
1264;13515;6;1919;0;764;1060;1824;1;2;520;180500
1265;4060;6;1998;266;1405;1337;1337;2;2;511;181000
1266;3735;7;1999;450;691;713;1452;2;2;506;183900
1267;10120;7;1910;0;925;964;1889;1;1;308;122000
1268;13214;9;2008;0;2002;2018;2018;2;3;746;378500
1269;14100;8;1935;192;728;1968;3447;3;3;1014;381000
1270;11344;5;1958;460;874;874;1524;1;1;315;144000
1271;23595;7;1979;1258;1332;1332;1524;0;2;586;260000
1272;9156;6;1968;0;1489;1489;1489;2;2;462;185750
1273;13526;5;1965;560;935;935;935;1;1;288;137000
1274;11512;6;1959;719;1019;1357;1357;1;1;312;177000
1275;5362;5;1910;0;661;661;1250;2;2;552;139000
1276;11345;5;1948;220;928;928;1920;2;2;400;137000
1277;12936;6;1972;593;723;735;1395;1;2;497;162000
1278;17871;6;1967;528;1680;1724;1724;1;2;480;197900
1279;9473;8;2002;804;1128;1128;2031;2;2;577;237000
1280;7500;4;1920;0;698;698;1128;1;2;528;68400
1281;9808;7;2002;788;1573;1573;1573;2;2;544;227000
1282;8049;7;1990;1053;1309;1339;1339;2;2;484;180000
1283;8800;5;1977;532;1040;1040;1040;2;2;484;150500
1284;9400;6;1971;0;912;912;1824;2;0;0;139000
1285;9638;6;1919;0;804;1699;2447;2;1;336;169000
1286;6000;6;1939;0;780;825;1412;1;1;280;132500
1287;9790;6;1963;569;1328;1328;1328;1;2;528;143000
1288;36500;5;1964;812;1624;1582;1582;2;2;390;190000
1289;5664;8;2000;1158;1501;1659;1659;2;2;499;278000
1290;11065;8;2006;0;1085;1120;1970;2;3;753;281000
1291;14112;5;1964;1014;1152;1152;1152;1;2;484;180500
1292;1680;5;1972;231;630;630;1302;2;1;264;119500
1293;6600;5;1892;0;994;1378;2372;2;1;432;107500
1294;10140;7;1976;194;832;832;1664;2;2;528;162900
1295;8172;5;1955;167;864;864;864;1;2;572;115000
1296;8400;5;1968;1016;1052;1052;1052;1;1;288;138500
1297;8700;5;1963;776;1120;1128;1128;2;2;525;155000
1298;3675;6;2005;547;547;1072;1072;2;2;525;140000
1299;63887;10;2008;5644;6110;4692;5642;2;2;1418;160000
1300;7500;5;1959;340;1246;1246;1246;1;1;305;154000
1301;10762;7;1999;694;978;1005;1983;2;2;490;225000
1302;7500;6;1942;547;771;753;1494;1;1;213;177500
1303;10120;8;1994;740;1165;1203;2526;2;3;844;290000
1304;8688;7;2005;0;1616;1616;1616;2;3;834;232000
1305;3363;7;2004;0;976;976;1708;2;2;380;130000
1306;13173;9;2006;1572;1652;1652;1652;2;2;840;325000
1307;6955;7;2005;0;1368;1368;1368;2;2;474;202500
1308;8072;5;1994;746;990;990;990;1;2;480;138000
1309;12000;5;1948;144;924;1122;1122;1;2;528;147000
1310;7153;6;1991;1200;1278;1294;1294;2;2;496;179200
1311;17500;7;1959;1406;1902;1902;1902;2;2;567;335000
1312;8814;7;2005;925;1274;1274;1274;2;2;508;203000
1313;9572;8;1990;482;1453;1453;2810;2;2;750;302000
1314;14774;9;1999;0;1393;1422;2599;2;3;779;333168
1315;8190;4;1954;732;948;948;948;1;1;280;119000
1316;11075;6;1969;500;952;1092;2112;2;2;576;206900
1317;10226;8;2008;0;1622;1630;1630;2;3;860;295493
1318;4230;7;2006;0;1352;1352;1352;2;2;466;208900
1319;14781;8;2001;0;1753;1787;1787;2;3;748;275000
1320;10215;4;1954;492;864;948;948;1;1;248;111000
1321;8400;6;1957;189;1478;1478;1478;1;2;442;156500
1322;6627;3;1949;0;0;720;720;1;1;287;72500
1323;10186;7;1992;674;750;1061;1923;2;2;564;190000
1324;5330;4;1940;280;420;708;708;1;0;0;82500
1325;9986;8;2006;0;1795;1795;1795;2;3;895;147000
1326;3636;4;1922;0;796;796;796;1;0;0;55000
1327;4270;3;1931;544;544;774;774;1;0;0;79000
1328;6600;5;1982;641;816;816;816;1;1;264;130500
1329;10440;6;1920;493;1510;1584;2792;2;2;520;256000
1330;9084;7;1998;0;935;955;1632;2;2;462;176500
1331;10000;8;2006;0;1588;1588;1588;2;3;825;227000
1332;10780;5;1976;483;911;954;954;1;2;576;132500
1333;8877;4;1938;690;816;816;816;1;1;288;100000
1334;7200;5;1938;0;803;803;1360;1;1;297;125500
1335;2368;5;1970;765;765;765;1365;1;2;440;125000
1336;9650;6;1977;686;1350;1334;1334;2;2;630;167900
1337;9246;5;1973;0;1656;1656;1656;2;2;506;135000
1338;4118;4;1941;0;693;693;693;1;0;0;52500
1339;13450;7;2002;700;916;920;1861;2;2;492;200000
1340;9560;5;1972;360;864;864;864;1;1;288;128500
1341;8294;4;1971;0;858;872;872;1;4;480;123000
1342;13695;6;2003;814;1114;1114;1114;1;2;576;155000
1343;9375;8;2002;0;1284;1284;2169;2;2;647;228500
1344;7558;6;1928;0;896;1172;1913;1;2;342;177000
1345;11103;7;2006;0;728;728;1456;2;2;440;155835
1346;6000;4;1920;250;960;960;960;1;1;308;108500
1347;20781;7;1968;297;1568;2156;2156;2;2;508;262500
1348;15306;8;2006;80;1732;1776;1776;2;3;712;283463
1349;16196;7;1998;1443;1482;1494;1494;2;2;514;215000
1350;5250;8;1872;259;684;938;2358;2;0;0;122000
1351;11643;5;1969;500;1248;1338;2634;2;4;968;200000
1352;9247;6;1962;319;858;858;1716;1;2;490;171000
1353;6000;6;1937;0;698;786;1176;1;2;624;134900
1354;14720;8;1995;816;2033;2053;3238;2;3;666;410000
1355;10316;7;2000;735;992;992;1865;2;3;839;235000
1356;10192;7;1968;0;570;1222;1920;3;2;487;170000
1357;9477;5;1966;340;864;892;892;1;1;264;110000
1358;12537;5;1971;734;1078;1078;1078;1;2;500;149900
1359;2117;6;2000;378;756;769;1573;2;2;440;177500
1360;16737;9;2004;1447;1980;1980;1980;2;3;770;315000
1361;9842;5;1921;0;612;990;2601;3;2;621;189000
1362;16158;7;2005;1274;1530;1530;1530;2;2;430;260000
1363;12513;4;1920;0;715;1281;1738;2;1;368;104900
1364;8499;6;2006;0;616;616;1412;2;2;432;156932
1365;3180;7;2005;0;600;520;1200;2;2;480;144152
1366;7500;7;2000;533;814;814;1674;2;2;663;216000
1367;9179;7;1999;633;873;882;1790;2;2;588;193000
1368;2665;5;1977;548;757;925;1475;2;1;336;127000
1369;4435;6;2003;685;848;848;848;1;2;420;144000
1370;10635;8;2003;370;1657;1668;1668;2;2;502;232000
1371;5400;4;1920;315;840;840;1374;1;1;338;105000
1372;9600;6;1955;831;992;1661;1661;1;1;377;165500
1373;9750;7;1998;975;1108;1108;2097;2;2;583;274300
1374;11400;10;2001;1282;2633;2633;2633;2;3;804;466500
1375;10625;7;2005;0;1026;1026;1958;2;3;936;250000
1376;10991;8;2007;0;1571;1571;1571;2;3;722;239000
1377;6292;6;1930;384;768;790;790;1;1;160;91000
1378;10998;5;1941;408;984;984;1604;2;2;660;117000
1379;1953;6;1973;309;483;483;987;1;1;264;83000
1380;9735;5;2006;0;384;754;1394;2;2;400;167500
1381;8212;3;1914;203;864;864;864;1;1;200;58500
1382;12925;6;1970;865;1205;2117;2117;2;2;550;237500
1383;7200;7;1920;0;596;998;1762;1;2;576;157000
1384;25339;5;1918;0;816;1416;1416;2;2;576;112000
1385;9060;6;1939;204;560;698;1258;1;1;280;105000
1386;5436;4;1922;735;796;796;1154;1;1;240;125500
1387;16692;7;1978;790;1392;1392;2784;3;2;564;250000
1388;8520;6;1916;168;714;1664;2526;2;1;216;136000
1389;14892;9;2006;1320;1746;1746;1746;2;3;758;377500
1390;6000;6;1941;375;735;869;1218;1;2;440;131000
1391;9100;7;2000;1400;1525;1525;1525;2;2;541;235000
1392;8944;5;1967;0;1584;1584;1584;2;3;792;124000
1393;7838;5;1967;769;864;900;900;1;1;288;123000
1394;10800;6;1905;0;482;1221;1912;2;2;672;163000
1395;4045;7;2006;1070;1356;1500;1500;2;3;648;246578
1396;12665;8;2005;0;1094;1133;2482;2;3;642;281213
1397;57200;5;1948;353;747;1687;1687;1;2;572;160000
1398;6120;5;1920;0;939;939;1513;1;1;180;137500
1399;7200;5;1950;180;1208;1136;1904;1;1;240;138000
1400;6171;6;1925;264;976;1160;1608;2;1;216;137450
1401;6000;6;1929;0;862;950;1158;1;1;208;120000
1402;7415;6;2004;759;839;864;1593;2;2;398;193000
1403;6762;7;2006;0;1286;1294;1294;2;2;662;193879
1404;15256;8;2007;929;1485;1464;1464;2;3;754;282922
1405;10410;3;1915;0;672;694;1214;1;3;936;105000
1406;3842;8;2004;1373;1594;1646;1646;2;2;482;275000
1407;8445;5;1972;656;768;768;768;1;2;396;133000
1408;8780;5;1985;625;833;833;833;1;0;0;112000
1409;7740;4;1910;0;622;741;1363;1;2;528;125500
1410;20544;7;1986;0;791;1236;2093;2;2;542;215000
1411;12420;7;2001;666;944;944;1840;2;2;622;230000
1412;9600;6;1950;120;856;1112;1668;1;1;271;140000
1413;7200;4;1949;0;0;1040;1040;2;2;420;90000
1414;10994;8;2005;976;1844;1844;1844;2;2;620;257000
1415;13053;6;1923;0;833;1053;1848;1;2;370;207000
1416;3635;7;2007;988;1386;1569;1569;2;3;660;175900
1417;11340;4;1885;0;777;1246;2290;2;2;560;122500
1418;16545;8;1998;781;1284;1310;2450;2;3;1069;340000
1419;9204;5;1963;25;1144;1144;1144;1;1;336;124000
1420;16381;6;1969;1110;1844;1844;1844;2;2;540;223000
1421;11700;6;1968;404;708;708;1416;2;2;776;179900
1422;4043;6;1977;360;1069;1069;1069;2;2;440;127500
1423;4435;6;2003;686;848;848;848;1;2;420;136500
1424;19690;6;1966;0;697;1575;2201;2;2;432;274970
1425;9503;5;1958;457;1024;1344;1344;1;1;484;144000
1426;10721;6;1959;0;1252;1252;1252;1;2;528;142000
1427;10944;7;1994;1000;1223;1223;2127;2;2;525;271000
1428;10930;5;1945;580;913;1048;1558;1;1;288;140000
1429;7200;5;1940;510;788;804;804;1;1;240;119000
1430;12546;6;1981;678;1440;1440;1440;2;2;467;182900
1431;21930;5;2005;0;732;734;1838;2;2;372;192140
1432;4928;6;1976;958;958;958;958;2;2;440;143750
1433;10800;4;1927;0;656;968;968;2;1;216;64500
1434;10261;6;2000;0;936;962;1792;2;2;451;186500
1435;17400;5;1977;936;1126;1126;1126;2;2;484;160000
1436;8400;6;1962;0;1319;1537;1537;1;2;462;174000
1437;9000;4;1971;616;864;864;864;1;2;528;120500
1438;12444;8;2008;1336;1932;1932;1932;2;3;774;394617
1439;7407;6;1957;600;912;1236;1236;1;2;923;149700
1440;11584;7;1979;315;539;1040;1725;2;2;550;197000
1441;11526;6;1922;0;588;1423;2555;2;2;672;191000
1442;4426;6;2004;697;848;848;848;1;2;420;149300
1443;11003;10;2008;765;1017;1026;2007;2;3;812;310000
1444;8854;6;1916;0;952;952;952;1;1;192;121000
1445;8500;7;2004;0;1422;1422;1422;2;2;626;179600
1446;8400;6;1966;187;814;913;913;1;1;240;129000
1447;26142;5;1962;593;1188;1188;1188;1;1;312;157900
1448;10000;8;1995;1079;1220;1220;2090;2;2;556;240000
1449;11767;4;1910;0;560;796;1346;1;1;384;112000
1450;1533;5;1970;553;630;630;630;1;0;0;92000
1451;9000;5;1974;0;896;896;1792;2;0;0;136000
1452;9262;8;2008;0;1573;1578;1578;2;3;840;287090
1453;3675;5;2005;547;547;1072;1072;1;2;525;145000
1454;17217;5;2006;0;1140;1140;1140;1;0;0;84500
1455;7500;7;2004;410;1221;1221;1221;2;2;400;185000
1456;7917;6;1999;0;953;953;1647;2;2;460;175000
1457;13175;6;1978;790;1542;2073;2073;2;2;500;210000
1458;9042;7;1941;275;1152;1188;2340;2;1;252;266500
1459;9717;5;1950;49;1078;1078;1078;1;1;240;142125
1460;9937;5;1965;830;1256;1256;1256;1;1;276;147500
